siren,nom_raison_sociale,activite_principale,adresse,cedex,code_postal,complement_adresse,date_debut_activite,siret,pays
356000000,LA POSTE,53.10Z,DIRECTION GENERALE DE LA POSTE 9 RUE DU COLONEL PIERRE AVIA 75015 PARIS 15,,75015,DIRECTION GENERALE DE LA POSTE,2014-04-29,35600000000048,France
552081317,ELECTRICITE DE FRANCE,35.11Z,22-30 22 AV DE WAGRAM 75382 PARIS CEDEX 08,75382,75008,22-30,2009-02-22,55208131766522,France
217500016,VILLE DE PARIS,84.11Z,4 PL HOTEL VILLE ESP LIBERATION 75004 PARIS 4,,75004,,2008-01-01,21750001600019,France
552120222,SOCIETE GENERALE,64.19Z,29 BD HAUSSMANN 75009 PARIS 9,,75009,,2008-01-01,55212022200013,France
662025196,ELRES,70.10Z,9-11 9 ALL DE L ARCHE 92032 PARIS LA DEFENSE CEDEX,92032,92400,9-11,2016-09-01,66202519660347,France
662042449,BNP PARIBAS,64.19Z,16 BD DES ITALIENS 75009 PARIS 9,,75009,,2013-05-16,66204244900014,France
412280737,SNCF RESEAU,52.21Z,15 AU 17 15 RUE JEAN PHILIPPE RAMEAU 93200 SAINT-DENIS,,93200,15 AU 17,2015-10-01,41228073720375,France
775672272,CROIX ROUGE FRANCAISE,88.99B,SITE CROIX ROUGE 98 RUE DIDOT 75694 PARIS CEDEX 14,75694,75014,SITE CROIX ROUGE,2008-01-01,77567227221138,France
380129866,ORANGE,61.10Z,111 QUAI DU PRESIDENT ROOSEVELT 92130 ISSY-LES-MOULINEAUX,,92130,,2020-06-01,38012986648625,France
632041042,COMPASS GROUP FRANCE,56.29A,117-133 117 AV DE LA REPUBLIQUE 92320 CHATILLON,,92320,117-133,2017-01-13,63204104266251,France
343262622,LIDL,70.10Z,72-92 72 AV ROBERT SCHUMAN 94150 RUNGIS,,94150,72-92,2020-12-14,34326262218927,France
542076799,OGF,96.03Z,31 RUE DE CAMBRAI 75946 PARIS CEDEX 19,75946,75019,,2008-01-01,54207679900148,France
954509741,CREDIT LYONNAIS,64.19Z,18 RUE DE LA REPUBLIQUE BP 2351 69215 LYON CEDEX 02,69215,69002,,2012-04-23,95450974100011,France
519037584,SNCF VOYAGEURS,49.10Z,4 RUE ANDRE CAMPRA 93210 SAINT-DENIS,,93210,,2020-01-01,51903758408747,France
428268023,DISTRIBUTION CASINO FRANCE,47.11F,1 CRS ANTOINE GUICHARD 42000 SAINT-ETIENNE,,42000,,2018-02-01,42826802337699,France
722003936,MCDONALD'S FRANCE,68.20B,Z I 1 RUE GUSTAVE EIFFEL 78045 GUYANCOURT CEDEX,78045,78280,Z I,2019-07-08,72200393602320,France
444608442,ENEDIS,35.13Z,34 PL DES COROLLES 92079 PARIS LA DEFENSE CEDEX,92079,92400,,2016-06-01,44460844213631,France
345130488,CARREFOUR PROXIMITE FRANCE,68.20B,ZI RTE DE PARIS BP 17 14120 MONDEVILLE,,14120,ZI,2018-03-01,34513048800017,France
413901760,ELIOR ENTREPRISES,70.10Z,9-11 9 ALL DE L ARCHE 92032 PARIS LA DEFENSE CEDEX,92032,92400,9-11,2016-09-01,41390176026595,France
130005481,POLE EMPLOI,84.13Z,LE CINETIC 1 A 5 1 AV DU DOCTEUR GLEY 75020 PARIS 20,,75020,LE CINETIC 1 A 5,2009-01-12,13000548100010,France
784939688,PICARD SURGELES,70.10Z,1 RTE MILITAIRE 77300 FONTAINEBLEAU,,77300,,2020-08-10,78493968810915,France
572102176,SOGERES,70.10Z,6 RUE DE LA REDOUTE 78280 GUYANCOURT,,78280,,2022-06-01,57210217623476,France
775676182,LE SOUVENIR FRANCAIS,94.99Z,20 RUE EUGENE FLACHAT 75017 PARIS 17,,75017,,2008-06-27,77567618200105,France
338253230,SODEXO ENTREPRISES,56.29A,6 RUE DE LA REDOUTE 78280 GUYANCOURT,,78280,,2009-10-25,33825323022013,France
542095336,LAGARDERE TRAVEL RETAIL FRANCE,70.10Z,4-10 4 AV ANDRE MALRAUX 92300 LEVALLOIS-PERRET,,92300,4-10,2020-05-29,54209533617694,France
542107651,ENGIE,35.23Z,1 PL SAMUEL DE CHAMPLAIN 92400 COURBEVOIE,,92400,,2015-04-24,54210765113030,France
180089013,CENTRE NATIONAL DE LA RECHERCHE SCIENTIFIQUE,72.19Z,3 RUE MICHEL ANGE 75794 PARIS CEDEX 16,75794,75016,,2009-10-18,18008901303720,France
552046955,ENGIE ENERGIE SERVICES,43.22B,FAUBOURG DE L ARCHE 1 PL SAMUEL DE CHAMPLAIN 92930 PARIS LA DEFENSE CEDEX,92930,92400,FAUBOURG DE L ARCHE,2019-12-15,55204695506065,France
998823504,ADECCO FRANCE,78.20Z,2 RUE HENRI LEGAY 69100 VILLEURBANNE,,69100,,2022-10-24,99882350431782,France
413151739,LA HALLE,70.10Z,28 AV DE FLANDRE 75019 PARIS 19,,75019,,2013-09-24,41315173900013,France
338253081,SODEXO SANTE MEDICO SOCIAL,56.29A,TRAIN DE VIE GESTION DR 51 6 RUE DE LA REDOUTE 78280 GUYANCOURT,,78280,TRAIN DE VIE GESTION DR 51,2010-01-24,33825308123562,France
318083110,AMPLIFON FRANCE,47.74Z,9 BD ROMAIN ROLLAND 75014 PARIS 14,,75014,,2023-03-29,31808311011182,France
572025526,VEOLIA EAU - COMPAGNIE GENERALE DES EAUX,36.00Z,21 RUE LA BOETIE 75008 PARIS 8,,75008,,2017-02-24,57202552610945,France
788058030,ADOMA,55.90Z,33 AV PIERRE MENDES FRANCE 75013 PARIS 13,,75013,,2019-01-28,78805803009579,France
477181010,API RESTAURATION,56.29A,384 RUE DU GENERAL DE GAULLE BP 85 59370 MONS-EN-BAROEUL,,59370,,2022-07-28,47718101000729,France
798233011,BASIC FIT II,93.11Z,4EME ETAGE HALL C 40 RUE DE LA VAGUE 59650 VILLENEUVE D'ASCQ,,59650,4EME ETAGE HALL C,2021-04-19,79823301100492,France
753308238,ACTION FRANCE,47.11D,11 RUE DE CAMBRAI 75019 PARIS 19,,75019,,2019-04-01,75330823804860,France
425050556,CARGLASS S.A.S.,45.20A,107 BD DE LA MISSION MARCHAND 92400 COURBEVOIE,,92400,,2022-09-06,42505055602377,France
433999356,RANDSTAD,78.20Z,276 AV DU PRESIDENT WILSON 93200 SAINT-DENIS,,93200,,2021-07-09,43399935600028,France
444786511,GRDF,35.22Z,TSA 60800 6 RUE CONDORCET 75436 PARIS CEDEX 09,75436,75009,TSA 60800,2010-01-24,44478651100022,France
345086177,CAMAIEU INTERNATIONAL,70.10Z,211 AV JULES BRAME 59100 ROUBAIX,,59100,,2008-01-01,34508617702461,France
440283752,CSF,70.10Z,ZI RTE DE PARIS 14120 MONDEVILLE,,14120,ZI,2008-01-01,44028375200010,France
592033930,ME GROUP FRANCE,96.09Z,PLN. 8 RUE AUBER 75009 PARIS 9,,75009,PLN.,2021-05-10,59203393007570,France
775688732,APF FRANCE HANDICAP,88.10B,17 BD AUGUSTE BLANQUI 75013 PARIS 13,,75013,,2023-01-17,77568873203099,France
211300553,COMMUNE DE MARSEILLE,84.11Z,QUAI DU PORT 13233 MARSEILLE CEDEX 20,13233,13002,,2008-01-01,21130055300016,France
380622332,ARMAND THIERY SAS,47.71Z,2 B RUE DE VILLIERS 92309 LEVALLOIS PERRET CEDEX,92309,92300,,2011-05-02,38062233204722,France
308895770,SOGECA,47.74Z,231 RUE DES CABOEUFS 92230 GENNEVILLIERS,,92230,,2020-10-01,30889577005432,France
897492294,KLARA,35.11Z,34 AV DES CHAMPS ELYSEES 75008 PARIS 8,,75008,,2021-03-01,89749229400011,France
775701477,MUTUELLE ASSURANCE TRAVAILLEUR MUTUALISTE,65.12Z,66 RUE DE SOTTEVILLE 76100 ROUEN,,76100,,2010-02-07,77570147700017,France
334159472,ANSAMBLE,56.29B,PIBS ALL GABRIEL LIPPMANN 56000 VANNES,,56000,PIBS,2009-06-01,33415947200458,France
429955297,MANPOWER FRANCE,78.20Z,13 A 17 13 RUE ERNEST RENAN 92000 NANTERRE,,92000,13 A 17,2010-05-16,42995529712359,France
542073580,MAAF ASSURANCES SA,65.12Z,CHABAN RTE CHABAN 79036 NIORT CEDEX 9,79036,79180,CHABAN,2008-01-01,54207358000046,France
379587900,THOM,66.30Z,55 RUE D'AMSTERDAM 75008 PARIS 8,,75008,,2018-03-19,37958790006692,France
572141885,DISTRIBUTION SANITAIRE CHAUFFAGE,46.73B,ZAC DU PARC ALATA 2 AV DES CHARMES 60550 VERNEUIL-EN-HALATTE,,60550,ZAC DU PARC ALATA,2022-05-02,57214188502180,France
492787957,GRANDVISION FRANCE,47.78A,1 RUE JEAN PIERRE TIMBAUD 78180 MONTIGNY-LE-BRETONNEUX,,78180,,2011-10-14,49278795700033,France
972200018,FIDUCIAL CONSULTING,63.11Z,41 RUE DU CAPITAINE GUYNEMER 92400 COURBEVOIE,,92400,,2020-10-01,97220001808623,France
478455793,BOULANGERIES BG,10.71A,615 AV DE LA CHAFFINE 13160 CHATEAURENARD,,13160,,2023-05-02,47845579305205,France
775680309,COALLIA,87.90B,16 AU 18 16 CR ST ELOI 75592 PARIS CEDEX 12,75592,75012,16 AU 18,2008-01-01,77568030900611,France
781452511,MACIF,65.12Z,1 RUE JACQUES VANDIER 79000 NIORT,,79000,,2008-01-01,78145251100814,France
531757029,CAP SUD FRANCE,43.22B,85 RUE CONDORCET 38090 VAULX-MILIEU,,38090,,2022-03-31,53175702900024,France
552108722,SOC FIDUCIAIRE NATIO EXPERTISE COMPTABLE,69.20Z,41 RUE DU CAPITAINE GUYNEMER 92400 COURBEVOIE,,92400,,2020-10-01,55210872210462,France
881209647,ACIAM,70.10Z,211 AV JULES BRAME 59100 ROUBAIX,,59100,,2020-09-04,88120964700174,France
503698664,FONCIA TRANSACTION FRANCE,68.31Z,13 AV LEBRUN 92160 ANTONY,,92160,,2018-02-22,50369866401738,France
528648892,CHAUSSON MATERIAUX,46.73A,CENTRE COMMERCIAL HEXAGONE 60 RUE DE FENOUILLET 31140 SAINT-ALBAN,,31140,CENTRE COMMERCIAL HEXAGONE,2016-06-15,52864889203671,France
450776968,LOXAM,77.32Z,256 RUE NICOLAS COATANLEM 56850 CAUDAN,,56850,,2014-01-15,45077696805188,France
382900942,CAISSE D'EPARGNE ET DE PREVOYANCE ILE-DE-FRANCE,70.10Z,19 RUE DU LOUVRE 75036 PARIS CEDEX 01,75036,75001,,2011-01-01,38290094200014,France
824484653,SONEPAR FRANCE DISTRIBUTION,46.69A,18-20 18 QUAI DU POINT DU JOUR 92100 BOULOGNE-BILLANCOURT,,92100,18-20,2022-06-01,82448465300012,France
542066238,ETABLISSEMENTS NICOLAS,70.10Z,BATIMENT ADMINISTRATIF 1 RUE DES OLIVIERS 94320 THIAIS,,94320,BATIMENT ADMINISTRATIF,2015-01-01,54206623808340,France
834895930,HANA GROUP FRANCE,56.21Z,101-109 101 RUE JEAN JAURES 92300 LEVALLOIS-PERRET,,92300,101-109,2021-11-16,83489593000016,France
309304616,REXEL FRANCE,46.69A,13 BD DU FORT DE VAUX 75017 PARIS 17,,75017,,2019-12-31,30930461605851,France
808529184,YVES ROCHER FRANCE,70.10Z,2-4 2 BD BEAUMONT 35000 RENNES,,35000,2-4,2017-08-25,80852918400026,France
330267691,CHAUSSEA SAS,47.72A,BP 9 105 AV CHARLES DE GAULLE 105 AV DE GAULLE BP 9 54910 VALLEROY,,54910,BP 9 105 AV CHARLES DE GAULLE,2020-09-01,33026769100377,France
339379984,SAUR,36.00Z,11 CHE DE BRETAGNE 92130 ISSY-LES-MOULINEAUX,,92130,,2016-06-27,33937998405975,France
538160524,SAGNAT SOLAIRE,70.10Z,LE LANGAULT 41160 SAINT-HILAIRE-LA-GRAVELLE,,41160,,2011-11-28,53816052400012,France
552049447,SOCIETE NATIONALE SNCF,49.10Z,2 PL AUX ETOILES 93210 SAINT-DENIS,,93210,,2014-01-01,55204944776279,France
478725625,GIFI MAG,47.19B,ZI 27 LA BARBIERE 47300 VILLENEUVE-SUR-LOT,,47300,ZI,2008-01-01,47872562500014,France
338253131,SOCIETE FRANCAISE DE RESTAURATION ET SERVICES,56.29A,6 RUE DE LA REDOUTE 78280 GUYANCOURT,,78280,,2022-03-01,33825313110992,France
799116355,INOVIA CONCEPT INVEST 1,71.12B,199 AV FRANCIS DE PRESSENSE 69200 VENISSIEUX,,69200,,2013-12-15,79911635500014,France
351442082,NEWREST RESTAURATION,56.29B,8 ALL HENRY POTEZ 31700 BLAGNAC,,31700,,2023-03-01,35144208206081,France
317686061,KILOUTOU,77.29Z,1 RUE DES PRECURSEURS CS 20449 59664 VILLENEUVE D ASCQ CEDEX,59664,59650,,2017-09-20,31768606105166,France
320229644,INDIGO PARK,52.21Z,TOUR VOLTAIRE 1 PL DES DEGRES 92800 PUTEAUX,,92800,TOUR VOLTAIRE,2018-12-21,32022964405241,France
447818600,EVANCIA,88.91A,60 AV DE L EUROPE 92270 BOIS-COLOMBES,,92270,,2019-05-30,44781860003410,France
305154262,JULES,70.10Z,152 AV ALFRED MOTTE 59100 ROUBAIX,,59100,,2019-06-30,30515426200037,France
398110445,OKAIDI,70.10Z,162 BD DE FOURMIES 59100 ROUBAIX,,59100,,2020-11-24,39811044500036,France
329338883,COLAS FRANCE,42.11Z,1 RUE DU COLONEL PIERRE AVIA 75015 PARIS 15,,75015,,2020-08-01,32933888303413,France
451489017,GROUPE NOCIBE,46.45Z,2 RUE DE TICLENI 59650 VILLENEUVE D'ASCQ,,59650,,2023-03-30,45148901700033,France
329925010,SYNERGIE,78.20Z,160 B RUE DE PARIS 92100 BOULOGNE-BILLANCOURT,,92100,,2022-09-15,32992501008262,France
348674169,MARIONNAUD LAFAYETTE,46.45Z,115 RUE REAUMUR 75002 PARIS 2,,75002,,2021-04-30,34867416906651,France
383706397,FRANS BONHOMME,46.73A,ZONE INDUSTRIELLE 1 3 RUE DENIS PAPIN BP 238 37302 JOUE LES TOURS CEDEX,37302,37300,ZONE INDUSTRIELLE 1,2010-06-30,38370639700049,France
392640090,CAISSE D'EPARGNE ET DE PREVOYANCE BRETAGNE - PAYS DE LOIRE,64.19Z,2 PL GRASLIN CS 10305 44003 NANTES CEDEX 1,44003,44000,,2016-04-22,39264009003754,France
775577018,CREDIT MUTUEL ARKEA,64.19Z,1 RUE LOUIS LICHOU 29480 LE RELECQ-KERHUON,,29480,,2008-11-20,77557701800499,France
451329908,CRIT,78.20Z,6 RUE TOULOUSE LAUTREC 75017 PARIS 17,,75017,,2020-04-19,45132990806315,France
775694748,CAISSE CENTRALE ACTIVITE SOCIALE,94.20Z,BP 629 8 RUE DE ROSNY BP 629 93100 MONTREUIL,,93100,BP 629,2018-03-01,77569474809227,France
433957693,SANTE RESTAURATION SERVICES,56.29A,14 RUE DES GAUDINES 78100 SAINT-GERMAIN-EN-LAYE,,78100,,2019-12-31,43395769300503,France
418096392,MICROMANIA,47.41Z,ECOLUCIOLES 955 RTE DES LUCIOLES 06560 VALBONNE,,06560,ECOLUCIOLES,2009-04-28,41809639203087,France
843082389,NWJ MET,35.11Z,34 AV BOSQUET 75007 PARIS 7,,75007,,2018-08-29,84308238900019,France
954507976,LYONNAISE DE BANQUE,64.19Z,8 RUE DE LA REPUBLIQUE 69001 LYON 1ER,,69001,,2008-01-01,95450797600015,France
398972901,GMF ASSURANCES,65.12Z,148 RUE ANATOLE FRANCE 92300 LEVALLOIS-PERRET,,92300,,2017-01-22,39897290108012,France
319883344,COMPTOIR ELECTRIQUE FRANCAIS,46.69A,PARC D'ACTIVITE DU BEL AIR 5 CHE DU TOREY 69340 FRANCHEVILLE,,69340,PARC D'ACTIVITE DU BEL AIR,2012-07-01,31988334400115,France
538160615,PICOTIE SOLAIRE,35.11Z,LE LANGAULT 41160 SAINT-HILAIRE-LA-GRAVELLE,,41160,,2021-05-03,53816061500018,France
428611719,SOCIETE COOPERATIVE AGRICOLE ET AGRO-ALIMENTAIRE AGRIAL,46.33Z,4 RUE DES ROQUEMONTS 14050 CAEN CEDEX 4,14050,14000,,2008-01-01,42861171900017,France
528570229,LPCR GROUPE,88.91A,IMMEUBLE STORIES 7 RUE TOUZET GAILLARD 93400 SAINT-OUEN-SUR-SEINE,,93400,IMMEUBLE STORIES,2022-11-01,52857022903454,France
437807795,AUTO BILAN FRANCE,71.20A,LA BOURSIDIERE- BAT. H RUE DE LA BOURSIDIERE CS 60007 92357 LE PLESSIS ROBINSON CEDEX,92357,92350,LA BOURSIDIERE- BAT. H,2020-07-01,43780779504402,France
322424342,VETIR,70.10Z,SAINT PIERRE MONTLIMART SAINT PIERRE MONTLIMART BP 41 49110 MONTREVAULT-SUR-EVRE,,49110,SAINT PIERRE MONTLIMART,2008-01-01,32242434200275,France
780130175,SHELL FRANCE,46.71Z,11-13-TOUR PACIFIC 11 CRS VALMY 92800 PUTEAUX,,92800,11-13-TOUR PACIFIC,2018-11-02,78013017514688,France
267500049,CENTRE D'ACTION SOCIALE DE LA VILLE DE PARIS,88.99B,5 BD DIDEROT 75012 PARIS 12,,75012,,2008-01-01,26750004902888,France
775685316,CAISSE AUTONOME NATIONALE SECURITE SOCIALE MINES,84.30A,77 AV DE SEGUR 75714 PARIS CEDEX 15,75714,75015,,2008-01-01,77568531600017,France
883628877,PEGASE,47.71Z,ZAC DE LA MOINER 10 IMP DU GRAND JARDIN 35400 SAINT-MALO,,35400,ZAC DE LA MOINER,2022-07-04,88362887700010,France
552091795,BRED BANQUE POPULAIRE,64.19Z,18 QUAI DE LA RAPEE 75012 PARIS 12,,75012,,2008-01-01,55209179500492,France
456500537,DALKIA,35.30Z,37 AV MAL DE LATTRE DE TASSIGNY BP 38 59875 ST ANDRE CEDEX,59875,59350,,2008-01-01,45650053700018,France
808636849,CERTAS ENERGY FRANCE,47.30Z,9 AV EDOUARD BELIN 92500 RUEIL-MALMAISON,,92500,,2023-04-25,80863684900024,France
507523801,SNCF GARES & CONNEXIONS,52.21Z,16 AV D IVRY 75013 PARIS 13,,75013,,2020-01-01,50752380102157,France
443918776,ZEEMAN TEXTIELSUPERS,47.71Z,3-5 3 RUE ST GEORGES 75009 PARIS 9,,75009,3-5,2022-09-01,44391877603747,France
305362162,ASSURANCES 2000,66.22Z,40 AV DE BOBIGNY 93130 NOISY-LE-SEC,,93130,,2008-01-01,30536216204062,France
775559404,CAISSE D'EPARGNE CEPAC,64.19Z,PL ESTRANGIN PASTRE BP 108 13006 MARSEILLE 6,,13006,,2022-03-01,77555940400014,France
389435215,MAXI ZOO FRANCE,47.76Z,ZAC L'ILOT DES SABLES 720 RUE LE CHATELIER 38090 VAULX-MILIEU,,38090,ZAC L'ILOT DES SABLES,2021-01-04,38943521501756,France
479182750,PEOPLE AND BABY,88.91A,9 AV HOCHE 75008 PARIS 8,,75008,,2016-09-01,47918275000667,France
130017791,VOIES NAVIGABLES DE FRANCE,84.13Z,175 RUE LUDOVIC BOUTLEUX BP 30820 62408 BETHUNE CEDEX,62408,62400,,2013-01-01,13001779100018,France
423032598,RESEAU CLUBS BOUYGUES TELECOM,47.42Z,13-15-LE TECHNOPOLE 13 AV DU MARECHAL JUIN 92360 MEUDON,,92360,13-15-LE TECHNOPOLE,2019-11-20,42303259804811,France
911202596,NWJ MET 2,35.11Z,34 AV BOSQUET 75007 PARIS 7,,75007,,2022-02-09,91120259600019,France
500569405,DECATHLON FRANCE,47.64Z,4 BD DE MONS 59650 VILLENEUVE D'ASCQ,,59650,,2014-09-01,50056940503239,France
857500227,BANQUE POPULAIRE GRAND OUEST,64.19Z,15 BD DE LA BOUTIERE 35760 SAINT-GREGOIRE,,35760,,2017-12-07,85750022702672,France
685420606,PROMOD,70.10Z,CHE DU VERSEAU 59700 MARCQ-EN-BAROEUL,,59700,,2008-01-01,68542060602588,France
410358865,SFR DISTRIBUTION,47.42Z,124 BD DE VERDUN 92411 COURBEVOIE CEDEX,92411,92400,,2016-12-22,41035886507398,France
538518473,HARMONIE MUTUELLE,65.12Z,143 RUE BLOMET 75015 PARIS 15,,75015,,2014-02-09,53851847300011,France
478355753,ETAM LINGERIE,47.71Z,57 A 59 59 RUE HENRI BARBUSSE 92110 CLICHY,,92110,57 A 59,2008-01-01,47835575300011,France
775627391,AESIO MUTUELLE,65.12Z,4 RUE DU GENERAL FOY 75008 PARIS 8,,75008,,2021-01-01,77562739100755,France
855801072,BANQUE CIC OUEST,64.19Z,2 AV JEAN CLAUDE BONDUELLE BP 84001 44040 NANTES CEDEX 1,44040,44000,,2008-01-01,85580107202664,France
410409460,AUCHAN HYPERMARCHE,47.11F,200 RUE DE LA RECHERCHE 59650 VILLENEUVE D'ASCQ,,59650,,2017-08-09,41040946000756,France
542016381,CREDIT INDUSTRIEL ET COMMERCIAL,70.10Z,6 AV DE PROVENCE 75009 PARIS 9,,75009,,2022-04-08,54201638101328,France
414815043,LAFARGE BETONS,23.63Z,14-16 14 BD GARIBALDI 92130 ISSY-LES-MOULINEAUX,,92130,14-16,2021-10-01,41481504303184,France
410034607,SUEZ EAU FRANCE,36.00Z,TOUR CB21 16 PL DE L IRIS 92040 PARIS LA DEFENSE CEDEX,92040,92400,TOUR CB21,2011-01-16,41003460703064,France
848009452,THERMIQUE SOLUTIONS INDUSTRIE COMMERCE,35.30Z,1 CRS ANTOINE GUICHARD 42000 SAINT-ETIENNE,,42000,,2019-01-24,84800945200014,France
393712286,SEPHORA,70.10Z,41 RUE YBRY 92200 NEUILLY-SUR-SEINE,,92200,,2018-01-16,39371228603775,France
542034327,BP FRANCE,47.30Z,"CAMPUS ST CHRISTOPHE,BAT GALILEE 3 10 AV DE L ENTREPRISE 95863 CERGY PONTOISE CEDEX",95863,95800,"CAMPUS ST CHRISTOPHE,BAT GALILEE 3",2018-06-18,54203432713118,France
423228915,SONOVA AUDIOLOGICAL CARE FRANCE SAS,47.74Z,1134 CHE DU BARTASSEC 46000 CAHORS,,46000,,2009-06-30,42322891500025,France
435272596,EFFIA STATIONNEMENT,52.21Z,20 RUE HECTOR MALOT 75012 PARIS 12,,75012,,2016-01-24,43527259601970,France
312478266,ALSACIENNE DE RESTAURATION,56.29A,BP 126 2 RUE EVARISTE GALOIS BP 126 67300 SCHILTIGHEIM,,67300,BP 126,2008-01-01,31247826600223,France
848171500,THERMIQUE SOLUTIONS INDUSTRIE COMMERCE 3,35.30Z,1 CRS ANTOINE GUICHARD 42000 SAINT-ETIENNE,,42000,,2019-02-04,84817150000012,France
775665615,CAISS REGIO CREDI AGRIC MUTUEL PARIS IDF,64.19Z,26 QUAI DE LA RAPEE 75012 PARIS 12,,75012,,2008-01-01,77566561500347,France
383844693,CAISSE REGIONALE D'ASSURANCES MUTUELLES AGRICOLES BRETAGNE PAYS DE LA LOIRE,70.10Z,SIEGE REGIONAL 23 BD SOLFERINO CS 51209 35012 RENNES CEDEX,35012,35000,SIEGE REGIONAL,2020-05-26,38384469300887,France
352860639,T.D-DISTRIBUTION THEVENIN-DUCROT-DISTRIBUTION,47.78B,7 RUE DU POINT DU JOUR 21800 CHEVIGNY-SAINT-SAUVEUR,,21800,,2019-11-29,35286063901858,France
341067692,CONVIVIO-RCO,56.29A,ZA DE LA RETAUDAIS 12 RUE DU DOMAINE 35137 BEDEE,,35137,ZA DE LA RETAUDAIS,2019-05-31,34106769200366,France
775684970,ASSOCIATION AURORE,88.99B,SIEGE 31 RUE FALGUIERE 75015 PARIS 15,,75015,SIEGE,2023-06-15,77568497003594,France
353669419,DISTRICO,47.52B,CENTRE D AFFAIRES PHENIX 1283 AV DE PARIS 50000 SAINT-LO,,50000,CENTRE D AFFAIRES PHENIX,2021-09-01,35366941902813,France
775670284,HSBC CONTINENTAL EUROPE,64.19Z,38 AV KLEBER 75116 PARIS 16,,75116,,2022-09-02,77567028406938,France
392527404,EUROMASTER FRANCE,70.10Z,INOVALLEE 180 AV DE L EUROPE 38330 MONTBONNOT-SAINT-MARTIN,,38330,INOVALLEE,2012-05-14,39252740404670,France
410409015,AUCHAN SUPERMARCHE,47.11D,200 RUE DE LA RECHERCHE 59650 VILLENEUVE D'ASCQ,,59650,,2021-12-01,41040901504099,France
480470152,NORAUTO FRANCE,45.32Z,2A BD VAN GOGH 59650 VILLENEUVE D'ASCQ,,59650,2A,2022-11-01,48047015202984,France
437723844,GENERALE DE TELEPHONE,47.42Z,BATIMENT 134 50 AV DU PRESIDENT WILSON 93210 SAINT-DENIS,,93210,BATIMENT 134,2012-02-07,43772384400043,France
883285512,IRISOLAR 20,35.11Z,BATIMENT F 1200 AV OLIVIER PERROY 13790 ROUSSET,,13790,BATIMENT F,2020-05-04,88328551200017,France
754800712,BANQUE CIC EST,64.19Z,31 RUE JEAN WENGER VALENTIN 67000 STRASBOURG,,67000,,2007-12-31,75480071203230,France
552083297,"MONOPRIX EXPLOITATION, PAR ABREVIATION MPX",47.11E,14 A 16 14 RUE MARC BLOCH 92110 CLICHY,,92110,14 A 16,2020-07-27,55208329702537,France
378047500,B & B HOTELS,70.10Z,271 RUE GENERAL PAULET 29200 BREST,,29200,,2015-09-25,37804750001242,France
339993164,START PEOPLE,78.20Z,12 PARC DE LA TANNERIE 57070 SAINT-JULIEN-LES-METZ,,57070,,2008-01-01,33999316400260,France
554200808,BANQUE POPULAIRE DU SUD,64.19Z,38 BD GEORGES CLEMENCEAU 66000 PERPIGNAN,,66000,,2008-01-01,55420080800018,France
342404399,T D F,61.20Z,155 B AV PIERRE BROSSOLETTE 92120 MONTROUGE,,92120,,2017-02-06,34240439903453,France
397480930,BOUYGUES TELECOM,61.20Z,37-39 37 RUE BOISSIERE 75116 PARIS 16,,75116,37-39,2014-02-02,39748093003498,France
342837416,CLAIRE'S FRANCE,47.77Z,10 AV KLEBER 75116 PARIS 16,,75116,,2022-06-27,34283741603023,France
429707292,TERRENA,46.23Z,LA NOELLE BD PASTEUR 44150 ANCENIS-SAINT-GEREON,,44150,LA NOELLE,2008-01-01,42970729200018,France
315549352,MILEE,73.11Z,ZONE INDUSTRIELLE LES MILLES 1330 AV J R G GAUTIER DE LA LAUZIERE 13595 AIX EN PROVENCE CEDEX 3,13595,13290,ZONE INDUSTRIELLE LES MILLES,2022-09-16,31554935203660,France
428822852,ETABLISSEMENT FRANCAIS DU SANG,86.90C,20 AV DU STADE DE FRANCE 93210 SAINT-DENIS,,93210,,2013-12-25,42882285202140,France
318906443,BUFFALO GRILL,56.10A,9 BD DU GENERAL DE GAULLE 92120 MONTROUGE,,92120,,2017-07-03,31890644302868,France
341062404,GROUPE SOS SOLIDARITES,87.90B,102 C 102 C RUE AMELOT 75011 PARIS 11,,75011,102 C,2009-02-22,34106240400478,France
775663438,REGIE AUTONOME DES TRANSPORTS PARISIENS,49.31Z,54 QUAI DE LA RAPEE 75599 PARIS CEDEX 12,75599,75012,,2008-01-01,77566343801906,France
058801481,BANQUE POPULAIRE MEDITERRANEE,64.19Z,457 PRO DES ANGLAIS 06200 NICE,,06200,,2017-01-15,05880148101264,France
479960965,IKKS RETAIL,70.10Z,8-10 8 RUE BARBETTE 75003 PARIS 3,,75003,8-10,2019-04-29,47996096503051,France
414819409,CONFORAMA FRANCE,47.59A,LOGNES 80 BD DU MANDINET CEDEX 2 77432 MARNE LA VALLEE CEDEX 2,77432,77185,LOGNES,2008-01-01,41481940900023,France
347538043,AS 24,46.71Z,PARC TERTIAIRE AR MOR 1 BD DU ZENITH BP 90272 44818 ST HERBLAIN CEDEX,44818,44800,PARC TERTIAIRE AR MOR,2010-06-04,34753804302713,France
401251566,ORPEA,70.10Z,12 RUE JEAN JAURES 92813 PUTEAUX CEDEX,92813,92800,,2015-10-26,40125156602093,France
518697685,FRET SNCF,49.20Z,16 RUE SIMONE VEIL 93400 SAINT-OUEN-SUR-SEINE,,93400,,2021-05-01,51869768502383,France
477280846,PROMOTION DU PRET A PORTER,47.71Z,18 RUE DENIS PAPIN 59650 VILLENEUVE D'ASCQ,,59650,,2021-05-10,47728084603753,France
510302953,CAFPI,66.19B,111 AV DE FRANCE 75013 PARIS 13,,75013,,2022-09-01,51030295303478,France
531680445,TOTALENERGIES MARKETING FRANCE,46.71Z,562 AV DU PARC DE L'ILE 92000 NANTERRE,,92000,,2021-09-07,53168044500024,France
180035024,CAISSE NATIONALE DE L'ASSURANCE MALADIE,84.30A,26-50 IMMEUBLE FRONTALIS 26 AV DU PROFESSEUR ANDRE LEMIERRE 75986 PARIS CEDEX 20,75986,75020,26-50 IMMEUBLE FRONTALIS,2008-01-01,18003502402369,France
800895088,MICROBABY,88.91A,9 AV HOCHE 75008 PARIS 8,,75008,,2019-05-16,80089508800014,France
482340973,COTE BOULANGE,47.24Z,365 CHE DE MAYA 13160 CHATEAURENARD,,13160,,2008-03-31,48234097300015,France
130025919,OFFICE FRANCAIS DE LA BIODIVERSITE,84.13Z,12 CRS LOUIS LUMIERE 94300 VINCENNES,,94300,,2020-01-01,13002591900015,France
775660087,ASSOCIATION NATIONALE DE PREVENTION EN ALCOOLOGIE ET ADDICTOLOGIE,86.21Z,BP 206 20 RUE SAINT FIACRE 32004 75002 PARIS 2,,75002,BP 206,2008-01-01,77566008700013,France
383196656,MAISONS DU MONDE FRANCE,47.59B,LE PORTEREAU 44120 VERTOU,,44120,,2008-01-01,38319665600078,France
344103270,KIABI EUROPE,47.71Z,100 RUE DU CALVAIRE 59510 HEM,,59510,,2015-03-02,34410327000023,France
313334856,CELIO FRANCE,47.71Z,21 RUE BLANQUI 93406 SAINT OUEN CEDEX,93406,93400,,2008-01-01,31333485601684,France
303656847,EUROPCAR FRANCE,77.11A,13 T BD BERTHIER 75017 PARIS 17,,75017,,2020-10-19,30365684704662,France
552002313,BANQUE POPULAIRE RIVES DE PARIS,64.19Z,80 BD AUGUSTE BLANQUI 75013 PARIS 13,,75013,,2022-10-01,55200231303603,France
340018852,EG SERVICES (FRANCE),47.30Z,IMMEUBLE LE CERVIER B 12 AV DES BEGUINES CS 98379 95805 CERGY PONTOISE CEDEX,95805,95800,IMMEUBLE LE CERVIER B,2018-11-30,34001885202380,France
379834906,GROUPAMA MEDITERRANEE,65.12Z,ZAC PICHAURY 24 RES PARC CLUB DU GOLF BP 10359 13799 AIX EN PROVENCE CEDEX 3,13799,13100,ZAC PICHAURY,2012-01-01,37983490600073,France
514801414,GAVRIANE,64.20Z,85 RUE CONDORCET 38090 VAULX-MILIEU,,38090,,2022-03-31,51480141402091,France
801363227,BURGER KING RESTAURATION,56.10C,IMMEUBLE LE CASSIOPEE 34 RUE MOZART 92110 CLICHY,,92110,IMMEUBLE LE CASSIOPEE,2021-01-18,80136322701207,France
515099562,CALZEDONIA FRANCE,70.10Z,51 RUE DE LA CHAUSSEE D ANTIN 75009 PARIS 9,,75009,,2012-09-24,51509956200297,France
885013383,IRISOLAR 21,35.11Z,BAT F 1200 AV OLIVIER PERROY 13790 ROUSSET,,13790,BAT F,2020-06-26,88501338300017,France
881388086,IRISOLAR 19,35.11Z,BAT F 1200 AV OLIVIER PERROY 13790 ROUSSET,,13790,BAT F,2020-09-14,88138808602323,France
572139996,AUTOROUTES DU SUD DE LA FRANCE,52.21Z,1973 BD DE LA DEFENSE 92000 NANTERRE,,92000,,2021-10-04,57213999603633,France
722041860,BUT INTERNATIONAL,46.19A,ZAC DE  MALNOUE 1 AV SPINOZA 77184 EMERAINVILLE,,77184,ZAC DE  MALNOUE,2008-01-01,72204186000031,France
398979310,H&M HENNES & MAURITZ,47.71Z,3 RUE LA FAYETTE 75009 PARIS 9,,75009,,2018-09-03,39897931002921,France
390703890,SUD EST RESTAURATION S E R,56.29B,ZA LAVY 170 RUE LAVY 01570 MANZIAT,,01570,ZA LAVY,2022-01-01,39070389002229,France
775709702,MUTUELLE ASSURANCE INSTITUTEUR FRANCE,65.12Z,200 AV SALVADOR ALLENDE BP 303 79038 NIORT CEDEX,79038,79000,,2021-08-30,77570970201646,France
582001707,CAROLL INTERNATIONAL,70.10Z,ZAC DE LA MOINERIE 10 IMP DU GRAND JARDIN 35400 SAINT-MALO,,35400,ZAC DE LA MOINERIE,2022-01-06,58200170703430,France
790883995,TENAOC-BOLFA,35.11Z,"C/O TENERGIE, ARTEPARC DE FUVEAU BAT A PLAN DE FABRIQUE 13710 FUVEAU",,13710,"C/O TENERGIE, ARTEPARC DE FUVEAU BAT A",2022-06-28,79088399502187,France
332323047,RESTORIA,70.10Z,PARC DE L'ANGEVINIERE 12 RUE GEORGES MANDEL 49000 ANGERS,,49000,PARC DE L'ANGEVINIERE,2010-03-01,33232304700685,France
377533294,HAVAS VOYAGES,79.11Z,2 RUE TROYON 92310 SEVRES,,92310,,2021-04-30,37753329403282,France
421363979,SPEEDY FRANCE SAS,45.31Z,72 A 78 72 AV GEORGES CLEMENCEAU CS 5001 92722 NANTERRE CEDEX,92722,92000,72 A 78,2018-06-20,42136397900020,France
950026914,FRANCE BKR,56.10C,IMMEUBLE LE CASSIOPEE 34 RUE MOZART 92110 CLICHY,,92110,IMMEUBLE LE CASSIOPEE,2021-01-18,95002691404620,France
722033115,MIM,47.71Z,18-24 ZI SENIA 18 RUE DES OLIVIERS BP 20145 94320 THIAIS,,94320,18-24 ZI SENIA,2007-01-17,72203311503018,France
320441108,PUM,46.69B,ZAC CROIX BLANDIN 4 RUE RENE FRANCART BP 1010 51684 REIMS CEDEX 2,51684,51100,ZAC CROIX BLANDIN,2019-11-01,32044110801545,France
668502966,WURTH FRANCE,46.74A,ZI OUEST RUE GEORGES BESSE 67150 ERSTEIN,,67150,ZI OUEST,2008-01-01,66850296600041,France
301340584,ENGIE HOME SERVICES,43.22B,1 PL SAMUEL DE CHAMPLAIN 92400 COURBEVOIE,,92400,,2019-03-25,30134058406761,France
692043714,CAISSE REGIONALE DE CREDIT MUTUEL D'ILE DE FRANCE,64.19Z,18 RUE DE LA ROCHEFOUCAULD 75009 PARIS 9,,75009,,2008-01-01,69204371400108,France
180036048,INSTITUT NATIONAL DE LA SANTE ET DE LA RECHERCHE MEDICALE,72.19Z,101 RUE DE TOLBIAC 75654 PARIS CEDEX 13,75654,75013,,2011-01-30,18003604800015,France
398471565,ORCHESTRA-PREMAMAN,47.71Z,ZAC SAINT ANTOINE 200 AV DES TAMARIS 34130 SAINT-AUNES,,34130,ZAC SAINT ANTOINE,2014-02-22,39847156501990,France
444619258,RTE RESEAU DE TRANSPORT D ELECTRICITE,35.12Z,IMMEUBLE WINDOW 7 C PL DU DOME 92073 PARIS LA DEFENSE CEDEX,92073,92800,IMMEUBLE WINDOW,2018-09-03,44461925802482,France
830315743,TENGO,35.11Z,"C/O TERNERGIE ARTEPARC DE FUVEAU, BAT PLAN DE FABRIQUE 13710 FUVEAU",,13710,"C/O TERNERGIE ARTEPARC DE FUVEAU, BAT",2022-06-28,83031574302142,France
448596718,RESTAUVAL,56.29B,ZA DE CHATENAY IV 8 RUE DES INTERNAUTES 37210 ROCHECORBON,,37210,ZA DE CHATENAY IV,2016-11-01,44859671800487,France
451321335,CARREFOUR HYPERMARCHES,70.10Z,ZAE SAINT GUENAULT 1 RUE JEAN MERMOZ 91002 EVRY CEDEX,91002,91000,ZAE SAINT GUENAULT,2008-01-01,45132133500023,France
302077169,FUNECAP SUD EST,96.03Z,QUARTIER SAINT ROCH RUE DU SOUVENIR FRANCAIS 83390 CUERS,,83390,QUARTIER SAINT ROCH,2014-01-20,30207716900068,France
440242469,CAISSE REG CRED AGRIC MUT ATLANTIQUE VEN,64.19Z,LA GARDE RTE DE PARIS 44949 NANTES CEDEX 9,44949,44300,LA GARDE,2008-01-01,44024246900011,France
898270251,NWIE MET,52.21Z,34 AV BOSQUET 75007 PARIS 7,,75007,,2021-10-06,89827025100017,France
338880180,STOCK J BOUTIQUE JENNYFER,47.71Z,3 RUE ETIENNE DOLET 93400 SAINT-OUEN-SUR-SEINE,,93400,,2021-08-20,33888018003508,France
562110882,LAFARGE GRANULATS,08.12Z,14-16 14 BD GARIBALDI 92130 ISSY-LES-MOULINEAUX,,92130,14-16,2021-10-01,56211088202615,France
528815376,F DISTRIBUTION,47.42Z,8 RUE DE LA VILLE L EVEQUE 75008 PARIS 8,,75008,,2011-09-23,52881537600017,France
326019775,DU PAREIL AU MEME,47.71Z,49-51 49 RUE EMILE ZOLA 93100 MONTREUIL,,93100,49-51,2017-03-26,32601977502845,France
493318067,ALDI MARCHE TOULOUSE,47.11D,ZAE LES CADAUX 1005 AV PIERRE OTTAVIOLI 81370 SAINT-SULPICE-LA-POINTE,,81370,ZAE LES CADAUX,2008-02-01,49331806700029,France
342948965,DEVRED,47.71Z,43 RUE DU FBG ST ANTOINE 75011 PARIS 11,,75011,,2021-04-09,34294896502795,France
894590942,CAL II,35.11Z,23 RUE GALILEE 75116 PARIS 16,,75116,,2021-01-25,89459094200013,France
642016166,UNIBETON,23.63Z,TOUR ALTO 4 PL DES SAISONS 92400 COURBEVOIE,,92400,TOUR ALTO,2022-03-01,64201616603673,France
910546472,OTS T1,35.11Z,17 RUE GEORGES BIZET 75116 PARIS 16,,75116,,2022-02-15,91054647200010,France
870800299,CAISSE REGIONALE DE CREDIT MUTUEL DE LOIRE- ATLANTIQUE ET DU CENTRE OUEST,64.19Z,10 RUE DE RIEUX 44000 NANTES,,44000,,2016-12-25,87080029903000,France
903309490,KPMG ESC & GS,69.20Z,TOUR EQHO 2 RUE GAMBETTA CEDEX 92066 PARIS LA DEFENSE CEDEX,92066,92800,TOUR EQHO,2022-10-01,90330949000014,France
414138842,LUDENDO COMMERCE FRANCE,70.10Z,126 RUE LA BOETIE 75008 PARIS 8,,75008,,2015-01-01,41413884200045,France
414599035,ALDI MARCHE DAMMARTIN,47.11D,PARC D'ACTIVITE LA GOELE 527 RUE CLEMENT ADER 77230 DAMMARTIN-EN-GOELE,,77230,PARC D'ACTIVITE LA GOELE,2019-09-10,41459903500014,France
521795237,KIKO FRANCE,47.75Z,44 RUE DE LISBONNE 75008 PARIS 8,,75008,,2018-06-18,52179523702099,France
305836033,SERARE,56.10A,101 RUE DU PELVOUX 91080 EVRY-COURCOURONNES,,91080,,2010-05-03,30583603301820,France
901859645,IRISOLAR 25,35.11Z,BATIMENT F 1200 AV OLIVIER PERROY 13790 ROUSSET,,13790,BATIMENT F,2021-07-01,90185964500011,France
347384570,BOULANGER,47.54Z,1 AV DE LA MOTTE 59810 LESQUIN,,59810,,2022-05-10,34738457002017,France
428559967,COURIR FRANCE,47.72A,91 AV LEDRU ROLLIN 75011 PARIS 11,,75011,,2020-06-01,42855996702962,France
572158905,THOMAS COOK SAS,79.12Z,92-98 92 BD VICTOR HUGO 92115 CLICHY CEDEX,92115,92110,92-98,2009-06-01,57215890500487,France
901859553,IRISOLAR 24,70.10Z,1200 AVENUE OLIVIER PERROY BATIMENT F 13790 ROUSSET,,13790,1200 AVENUE OLIVIER PERROY,2021-12-13,90185955300017,France
582120267,MINIT FRANCE,95.23Z,60 RUE DE WATTIGNIES 75012 PARIS 12,,75012,,2014-02-12,58212026702631,France
784579682,FEDERATION APAJH,88.99B,BOITE AU LETTRE N 35 29E ETAGE 33 AV DU MAINE 20240 75755 PARIS CEDEX 15,75755,75015,BOITE AU LETTRE N 35 29E ETAGE,2011-07-18,78457968201771,France
775685399,MUTUELLE GENERALE EDUCATION NATIONALE,65.12Z,3 SQ MAX HYMANS 75748 PARIS CEDEX 15,75748,75015,,2008-01-01,77568539902977,France
524273364,ALBIOMA SOLAR ASSETS FRANCE 1,35.11Z,ECOPARC ZI COURTINE 120 RUE JEAN MARIE TJIBAOU 84000 AVIGNON,,84000,ECOPARC ZI COURTINE,2012-12-14,52427336400199,France
448868406,CRECHE ATTITUDE,88.91A,IMMEUBLE STORIES 7 RUE TOUZET GAILLARD 93400 SAINT-OUEN-SUR-SEINE,,93400,IMMEUBLE STORIES,2022-11-01,44886840601967,France
302474648,NATURALIA FRANCE,47.29Z,14 A 16 14 RUE MARC BLOCH 92110 CLICHY,,92110,14 A 16,2011-06-14,30247464800664,France
180090060,INSTITUTION DE GESTION SOCIALE DES ARMEES,88.99B,CASERNE SAINT JOSEPH RUE LIEUT COLONEL P CHIARELLI 20293 BASTIA CEDEX,20293,20600,CASERNE SAINT JOSEPH,2008-01-01,18009006000997,France
775688799,FONDATION APPRENTIS D'AUTEUIL,85.32Z,40 RUE JEAN DE LA FONTAINE 75016 PARIS 16,,75016,,2008-01-01,77568879900011,France
300345808,NAF NAF,70.10Z,2 RUE SARAH BERNHARDT 92600 ASNIERES-SUR-SEINE,,92600,,2023-04-11,30034580802760,France
428267942,CASINO CARBURANTS,70.10Z,1 CRS ANTOINE GUICHARD 42000 SAINT-ETIENNE,,42000,,2008-01-01,42826794201424,France
337080543,SUPPLAY,78.20Z,ANGLE DE LA RUE MIGNOT 2 RUE GASTON BOYER 51053 REIMS CEDEX,51053,51100,ANGLE DE LA RUE MIGNOT,2008-01-01,33708054300792,France
410151674,DUPONT RESTAURATION,56.29B,ZA LES PORTES DU NORD 13 AV BLAISE PASCAL 62820 LIBERCOURT,,62820,ZA LES PORTES DU NORD,2008-01-01,41015167400026,France
180070039,INSTITUT NATIONAL DE RECHERCHE POUR L'AGRICULTURE L'ALIMENTATION ET L'ENVIRONNEMENT,72.19Z,147 RUE DE L'UNIVERSITE 75338 PARIS CEDEX 07,75338,75007,,2008-01-01,18007003901803,France
891553406,IRISOLAR 23,35.11Z,1200 AV OLIVIER PERROY BATIMENT F 13790 ROUSSET,,13790,,2020-11-23,89155340600010,France
882808587,NEWORCH,47.71Z,ZAC SAINT ANTOINE 200 AV DES TAMARIS 34130 SAINT-AUNES,,34130,ZAC SAINT ANTOINE,2020-06-26,88280858700035,France
969502004,ENI FRANCE SARL,68.20B,12 AV TONY GARNIER 69007 LYON 7EME,,69007,,2015-03-04,96950200403138,France
306916099,ARGEDIS,47.30Z,23 RUE FRANCOIS JACOB 92500 RUEIL-MALMAISON,,92500,,2020-07-07,30691609902853,France
911666790,IRISOLAR 27,43.21A,BAT F 1200 AV OLIVIER PERROY 13790 ROUSSET,,13790,BAT F,2022-03-14,91166679000017,France
341816064,DESMAZIERES,47.72A,40 RTE D'ENNETIERES 59175 TEMPLEMARS,,59175,,2019-12-24,34181606404273,France
304318454,BESSON CHAUSSURES,47.72A,1 AV DES FRERES MONTGOLFIER 63170 AUBIERE,,63170,,2009-12-31,30431845400499,France
444329734,ALDI MARCHE HONFLEUR,47.11D,BP 20061 AV JACQUES CARTIER BP 20061 14602 HONFLEUR CEDEX,14602,14600,BP 20061,2008-01-01,44432973400024,France
327359980,FEU VERT,45.32Z,SERVICE JURIDIQUE 11 ALL MOULIN BERGER BP 70162 69136 ECULLY CEDEX,69136,69130,SERVICE JURIDIQUE,2008-09-19,32735998001799,France
310591649,RENT A CAR,77.11A,1 RUE ANTONIN MERCIE 75015 PARIS 15,,75015,,2010-11-29,31059164900051,France
662051275,C & A FRANCE,47.71Z,8-14-ZAC DANTON 8 AV DE L ARCHE 92400 COURBEVOIE,,92400,8-14-ZAC DANTON,2021-09-01,66205127502462,France
451321376,CARREFOUR STATIONS SERVICE,70.10Z,ZONE INDUSTRIELLE RTE DE PARIS 14120 MONDEVILLE,,14120,ZONE INDUSTRIELLE,2008-01-01,45132137600019,France
877676932,ELIOR RESTAURATION HOTELLERIE DE SANTE,56.29B,9-11 9 ALL DE L ARCHE 92032 PARIS LA DEFENSE CEDEX,92032,92400,9-11,2022-10-01,87767693200016,France
229400288,DEPARTEMENT DU VAL DE MARNE,84.11Z,HOTEL DU DEPARTEMENT - 21/29 21 AV DU GENERAL DE GAULLE 94011 CRETEIL CEDEX,94011,94000,HOTEL DU DEPARTEMENT - 21/29,2008-01-01,22940028800010,France
824228142,AGENCE NATIONALE POUR LA FORMATION PROFESSIONNELLE DES ADULTES,85.59A,TOUR CITYSCOPE 3 RUE FRANKLIN 93100 MONTREUIL,,93100,TOUR CITYSCOPE,2018-01-21,82422814200017,France
221300015,DEPARTEMENT DES BOUCHES DU RHONE,84.11Z,52 AV DE SAINT JUST 13256 MARSEILLE CEDEX 20,13256,13013,,2008-01-01,22130001500247,France
214401093,COMMUNE DE NANTES,84.11Z,2 RUE DE L HOTEL DE VILLE BP 1013 44094 NANTES CEDEX 1,44094,44000,,2008-01-01,21440109300015,France
394479034,CONTITRADE FRANCE,45.32Z,ZI LE MEUX 495 RUE DU GENERAL DE GAULLE 60880 LE MEUX,,60880,ZI LE MEUX,2017-08-01,39447903400164,France
085580983,PPG DISTRIBUTION,46.73B,ZI D'INGRE   CENTRE BERNARD PALISSY RUE DE LA MOUCHETIERE BP 149 45143 ST JEAN DE LA RUELLE CEDEX,45143,45140,ZI D'INGRE   CENTRE BERNARD PALISSY,2008-01-01,08558098300139,France
331648014,MEDIAPOST,73.11Z,19 RUE DE LA VILLETTE 69003 LYON 3EME,,69003,,2022-01-24,33164801404117,France
340292549,LES HALLES BLACHERE BERNARD,47.21Z,365 CHE DE MAYA 13160 CHATEAURENARD,,13160,,2008-01-01,34029254900136,France
305405045,AFTRAL,85.59A,46 AV DE VILLIERS 75017 PARIS 17,,75017,,2008-01-01,30540504500017,France
343738266,HAPPY CURL,46.45Z,60 RUE SALVADOR ALLENDE 54510 TOMBLAINE,,54510,,2008-09-01,34373826600083,France
352216873,ASS POUR DROIT A L INITIATIVE ECONOMIQUE,88.99B,23 RUE DES ARDENNES 75019 PARIS 19,,75019,,2021-03-01,35221687302852,France
321875205,SAN MARINA,70.10Z,30 AV DU CHATEAU DE JOUQUES 13420 GEMENOS,,13420,,2022-09-30,32187520502706,France
384560942,LEROY MERLIN FRANCE,47.52B,RUE CHANZY 59260 LEZENNES,,59260,,2011-05-05,38456094200045,France
318771995,ENTERPRISE HOLDINGS FRANCE,77.11A,37 RUE DU COLONEL PIERRE AVIA 75015 PARIS 15,,75015,,2016-09-19,31877199502315,France
523885622,BLEU LIBELLULE FRANCE,70.10Z,ALLEE DU PIOT 1 ALL DE PIOT 30660 GALLARGUES-LE-MONTUEUX,,30660,ALLEE DU PIOT,2019-06-28,52388562200010,France
306289307,COULEURS DE TOLLENS,46.73B,12 CRS MICHELET 92800 PUTEAUX,,92800,,2022-01-01,30628930703402,France
812941516,ELYOR BH26,35.11Z,ZONE D'ACTIVITES DU BOSC 16 RUE DES VERGERS 34130 MUDAISON,,34130,ZONE D'ACTIVITES DU BOSC,2018-04-12,81294151601730,France
389632639,TAPE A L'OEIL,47.71Z,24 AV DU GRAND COTTIGNIES 59290 WASQUEHAL,,59290,,2010-08-13,38963263901139,France
319730339,SOCIETE D'EXPLOITATION AMIDIS ET COMPAGNIE,70.10Z,ZI RTE DE PARIS 14120 MONDEVILLE,,14120,ZI,2008-01-01,31973033900094,France
413873670,CLEOR,47.77Z,100-101-TOUR FRANKLIN 100 TERRASSE BOIELDIEU 92800 PUTEAUX,,92800,100-101-TOUR FRANKLIN,2023-05-24,41387367002047,France
879428050,LES INTERIMAIRES PROFESSIONNELS - LIP,78.20Z,18 IMP DE L ASPHALTE CEDEX 07 69366 LYON CEDEX 07,69366,69007,,2023-01-23,87942805002234,France
487530099,NEXITY LAMY,68.32A,TSA 10034 19 RUE DE VIENNE CEDEX8 75801 PARIS CEDEX 08,75801,75008,TSA 10034,2014-03-25,48753009902584,France
844312736,ZOLAIRE SNC,33.14Z,AUFFAY 3 RUE DU MARECHAL FOCH 76720 VAL-DE-SCIE,,76720,AUFFAY,2018-11-30,84431273600011,France
881291959,PV PROD 2,35.11Z,4 ZA LE MOULINS 04220 CORBIERES-EN-PROVENCE,,04220,,2022-06-07,88129195900545,France
922234208,IRISOLAR 29,35.11Z,BAT F 1200 AV OLIVIER PERROY 13790 ROUSSET,,13790,BAT F,2022-11-25,92223420800010,France
903869618,APAVE EXPLOITATION FRANCE,71.20B,6 RUE DU GENERAL AUDRAN 92400 COURBEVOIE,,92400,,2022-08-01,90386961800012,France
831072616,BUDAPEST BY CAP SUD,71.12B,63 RUE DU MORELLON 38070 SAINT-QUENTIN-FALLAVIER,,38070,,2021-09-30,83107261601606,France
775784689,SOCIETE COOPERATIVE AGRICOLE ARTERRIS,01.11Z,SERVICE RH LOUDES BP 40 11451 CASTELNAUDARY CEDEX,11451,11400,SERVICE RH,2021-02-24,77578468900025,France
413157306,MINELLI SAS,47.72A,LES ESPACES DE LA SAINTE-BAUME 30 AV DU CHATEAU DE JOUQUES 13420 GEMENOS,,13420,LES ESPACES DE LA SAINTE-BAUME,2022-11-24,41315730603183,France
381976448,CREDIT AGRICOLE ALPES PROVENCE,64.19Z,25 CHE DES TROIS CYPRES 13097 AIX EN PROVENCE CEDEX 2,13097,13090,,2008-01-01,38197644802779,France
910685528,IRISOLAR 26,35.11Z,1200 AV OLIVIER PERROY 13790 ROUSSET,,13790,,2022-02-21,91068552800010,France
224400028,DEPARTEMENT DE LA LOIRE-ATLANTIQUE,84.11Z,HOTEL DU DEPARTEMENT 3 QUAI CEINERAY CS 94109 44041 NANTES CEDEX 1,44041,44000,HOTEL DU DEPARTEMENT,2015-01-01,22440002800011,France
382285260,CRAMA PARIS VAL DE LOIRE,65.12Z,1 B AV DU DOCTEUR TENINE 92160 ANTONY,,92160,,2020-05-06,38228526002533,France
613650373,CASA FRANCE,47.59B,IMMEUBLE LE CHANZY 18 AV WINSTON CHURCHILL 94220 CHARENTON-LE-PONT,,94220,IMMEUBLE LE CHANZY,2015-07-31,61365037304147,France
969508563,RAS,68.20B,10 RUE JEAN MARCUIT 69009 LYON 9EME,,69009,,2022-05-01,96950856301206,France
899471064,CAL III,35.11Z,23 RUE GALILEE 75116 PARIS 16,,75116,,2021-06-28,89947106400019,France
320772510,FLUNCH,56.10B,4 RUE DE L ESPOIR 59260 LEZENNES,,59260,,2020-11-16,32077251002309,France
884607193,PV EXPLOITATION FRANCE,55.10Z,L'ARTOIS ESPACE PONT DE FLANDRE 11 RUE DE CAMBRAI 75947 PARIS CEDEX 19,75947,75019,L'ARTOIS ESPACE PONT DE FLANDRE,2021-02-01,88460719300015,France
120020011,DIRECTION DES RESSOURCES HUMAINES DES MINISTERES ECONOMIQUES ET FINANCIERS,84.11Z,139 RUE DE BERCY 75572 PARIS CEDEX 12,75572,75012,,2008-01-01,12002001101155,France
382401867,FOOT LOCKER FRANCE,47.64Z,124 RUE DE VERDUN 92800 PUTEAUX,,92800,,2008-04-25,38240186700959,France
652023961,AVIS LOCATION DE VOITURES,77.11A,"4 PLACE DES SAISONS ""TOUR ALTO"" 1 PRV ZAHA HADID 92400 COURBEVOIE",,92400,"4 PLACE DES SAISONS ""TOUR ALTO""",2023-06-01,65202396103560,France
950405928,FLOREAL,70.10Z,1 CRS ANTOINE GUICHARD 42000 SAINT-ETIENNE,,42000,,2007-11-01,95040592802575,France
499308856,SO.BIO,47.29Z,ESPACE FRANCE BATIMENT I 4 VOIE ROMAINE ESPACE FRANCE BATIM 33610 CANEJAN,,33610,ESPACE FRANCE BATIMENT I,2020-03-02,49930885600172,France
632000014,LA VIE CLAIRE,47.29Z,1982 RTE DEPARTEMENTALE 386 69700 MONTAGNY,,69700,,2011-01-24,63200001401405,France
311889877,NOVI,47.75Z,PARC D ACTIVITES ASTIER VAL 1 RUE DES LYS 24110 SAINT-ASTIER,,24110,PARC D ACTIVITES ASTIER VAL,2022-11-25,31188987701238,France
890872674,IRISOLAR 22,35.11Z,BAT. F 1200 AV OLIVIER PERROY 13790 ROUSSET,,13790,BAT. F,2020-11-03,89087267400019,France
421098088,THIRIET MAGASINS,70.10Z,ZONE INDUSTRIELLE ZONE INDUSTRIELLE BP 4 88510 ELOYES,,88510,ZONE INDUSTRIELLE,2008-01-01,42109808800014,France
775675598,ECLAIREUSES ET ECLAIREURS DE FRANCE,70.10Z,12 PL GEORGES POMPIDOU 93167 NOISY LE GRAND CEDEX,93167,93160,,2008-01-01,77567559800665,France
347926719,KING JOUET,47.65Z,ZI LES BLANCHISSERIES 38500 VOIRON,,38500,,2012-07-31,34792671900019,France
487696080,ODALYS RESIDENCES,55.20Z,PARC DE LA DURANNE BP 412 655 RUE RENE DESCARTES BP 412 13591 AIX EN PROVENCE CEDEX 3,13591,13080,PARC DE LA DURANNE BP 412,2020-05-27,48769608000034,France
418782025,5ASEC R I F,96.01B,20 RUE DU SENTIER 75002 PARIS 2,,75002,,2021-07-26,41878202501888,France
067800425,ONET SERVICES,81.21Z,36 BD DE L OCEAN 13009 MARSEILLE 9,,13009,,2009-03-31,06780042503681,France
403052111,BOULANGERIES PAUL,70.10Z,BATIMENT D.E 344 AV DE LA MARNE 59700 MARCQ-EN-BAROEUL,,59700,BATIMENT D.E,2008-01-01,40305211102616,France
341174118,MEDICA FRANCE,87.30A,21-2325 21 RUE BALZAC 75008 PARIS 8,,75008,21-2325,2016-01-24,34117411801576,France
572104891,BANQUE DE FRANCE,64.11Z,1 RUE LA VRILLIERE BP 71928 75001 PARIS 1,,75001,,2008-01-01,57210489100013,France
309918464,BETON VICAT,23.63Z,LES TROIS VALLONS 4 RUE ARISTIDE BERGES BP 33 38080 L'ISLE-D'ABEAU,,38080,LES TROIS VALLONS,2008-01-01,30991846400160,France
493983431,CAFAN,70.10Z,ZAC DE LA MOINERIE 10 IMP DU GRAND JARDIN 35400 SAINT-MALO,,35400,ZAC DE LA MOINERIE,2009-03-25,49398343100013,France
888796430,NEW COURT,56.10A,9 BD DU GENERAL DE GAULLE 92120 MONTROUGE,,92120,,2020-09-09,88879643000013,France
180046013,CENTRE DES MONUMENTS NATIONAUX,91.03Z,62 RUE SAINT ANTOINE 75186 PARIS CEDEX 04,75186,75004,,2015-01-18,18004601300017,France
317780062,STOKOMANI,47.19B,ZA PARC TECHNOLOGIQUE D'ALATA 3 AV DES CHARMES 60100 CREIL,,60100,ZA PARC TECHNOLOGIQUE D'ALATA,2020-02-17,31778006200335,France
844104851,BLUE ENERFREEZE,35.30Z,67 AV TONY GARNIER 69362 LYON CEDEX 07,69362,69007,,2019-01-01,84410485100010,France
378460281,HUIS CLOS,43.32A,P.A.T DE LA VATINE 35 RUE RAYMOND ARON 76130 MONT-SAINT-AIGNAN,,76130,P.A.T DE LA VATINE,2010-06-16,37846028100017,France
844881417,VYV3 PAYS DE LA LOIRE POLE SERVICES ET BIENS MEDICAUX,65.12Z,110 BD D ITALIE 85000 LA ROCHE-SUR-YON,,85000,,2019-10-01,84488141700019,France
302475041,STELLANTIS &YOU FRANCE SAS,45.11Z,2/10 - IMMEUBLE POLE TERTIAIRE 1 2 BD DE L EUROPE 78300 POISSY,,78300,2/10 - IMMEUBLE POLE TERTIAIRE 1,2023-06-01,30247504102212,France
753216704,FUNECAP IDF,96.03Z,50 BD EDGAR QUINET 75014 PARIS 14,,75014,,2015-12-01,75321670400019,France
315281766,SN AGENCES,79.11Z,38 RUE DE QUIMPER 29590 PONT-DE-BUIS-LES-QUIMERCH,,29590,,2014-02-16,31528176600255,France
440339471,PASCAL COSTE COIFFURE,96.02A,2 AV FERNAND BELONDRADE 82000 MONTAUBAN,,82000,,2023-05-01,44033947101787,France
440117620,GRTGAZ,49.50Z,IMMEUBLE BORA 6 RUE RAOUL NORDLING 92270 BOIS-COLOMBES,,92270,IMMEUBLE BORA,2010-09-01,44011762001530,France
351837406,ADOPT PARFUMS,46.45Z,ZI AUGUSTE V 19 IMP LOU HAOU 33610 CESTAS,,33610,ZI AUGUSTE V,2012-01-10,35183740600856,France
884960477,TECHNIQUE SOLAIRE INVEST 49,35.11Z,26 RUE ANNET SEGERON 86580 BIARD,,86580,,2020-06-19,88496047700013,France
401375316,K PAR K,47.99A,148-156 148 RUE GALLIENI 92100 BOULOGNE-BILLANCOURT,,92100,148-156,2020-05-01,40137531604330,France
478356116,UNDIZ,47.71Z,6 RUE CASTERES 92110 CLICHY,,92110,,2009-11-24,47835611600028,France
973505357,FEDEX EXPRESS FR,52.29A,BP 7237 58 AV LECLERC BP 7237 69354 LYON CEDEX 07,69354,69007,BP 7237,2019-04-05,97350535700275,France
722620119,FIRST STOP AYME,45.31Z,17 - 19 17 RUE JEAN ZAY CS 50217 69800 SAINT-PRIEST,,69800,17 - 19,2022-05-31,72262011901773,France
800742538,FRINERGY PRODUCTION,35.30Z,OLONNE-SUR-MER 85 RUE DES PRIMEVERES 85340 LES SABLES D'OLONNE,,85340,OLONNE-SUR-MER,2016-06-13,80074253800039,France
304381379,SELECT T.T.,78.20Z,276 AV DU PRESIDENT WILSON 93200 SAINT-DENIS,,93200,,2017-10-20,30438137900201,France
601251614,BOLLORE ENERGY,46.71Z,ODET 29500 ERGUE-GABERIC,,29500,,2015-03-26,60125161400371,France
312147770,ARPEGE,56.29A,9-11 9 ALL DE L ARCHE 92032 PARIS LA DEFENSE CEDEX,92032,92400,9-11,2017-01-22,31214777002296,France
399292994,KOOKAI,47.71Z,42 RUE DE PARADIS 75010 PARIS 10,,75010,,2023-05-23,39929299402011,France
428559884,FUNECAP OUEST,96.03Z,5 CHE DE LA JUSTICE 44300 NANTES,,44300,,2017-04-01,42855988400054,France
818030421,VOLTAIRE ENR,64.20Z,19 AV DE LA GRANDE ARMEE 75116 PARIS 16,,75116,,2019-06-24,81803042100023,France
470500943,TAPIS SAINT MACLOU,47.53Z,330 RUE CARNOT BP 149 59391 WATTRELOS CEDEX,59391,59150,,2008-01-01,47050094300019,France
399226653,AUBERT FRANCE,47.78C,4 RUE DE LA FERME 68705 CERNAY CEDEX,68705,68700,,2008-01-01,39922665300018,France
340429653,UJA,47.71Z,117-119 117 QUAI DE VALMY 75010 PARIS 10,,75010,117-119,2011-08-01,34042965301437,France
301621884,ZOLPAN,46.73B,17 QUAI JOSEPH GILLET 69004 LYON 4EME,,69004,,2018-10-01,30162188400842,France
314925090,BATA FRANCE DISTRIBUTION,70.10Z,LA DEFENSE 9 TOUR EVE 1 PL DU SUD 92806 PUTEAUX CEDEX,92806,92800,LA DEFENSE 9 TOUR EVE,2008-01-01,31492509002939,France
411207012,SIXT SAS,70.10Z,42 AV DE SAXE 75007 PARIS 7,,75007,,2023-04-01,41120701200013,France
775761844,OXANCE,65.12Z,IMMEUBLE LE FORUM 33 RUE MAURICE FLANDIN 69003 LYON 3EME,,69003,IMMEUBLE LE FORUM,2018-09-01,77576184400957,France
470801168,CDC HABITAT,70.10Z,33 AV PIERRE MENDES FRANCE 75013 PARIS 13,,75013,,2018-11-05,47080116803039,France
383960135,CHRONOPOST,52.29A,3 BD ROMAIN ROLLAND 75014 PARIS 14,,75014,,2022-06-20,38396013502628,France
814500757,SAFM,96.03Z,62-68 62 RUE JEANNE D ARC 75013 PARIS 13,,75013,62-68,2023-05-02,81450075701267,France
911666824,IRISOLAR 28,35.11Z,BAT F 1200 AV OLIVIER PERROY 13790 ROUSSET,,13790,BAT F,2022-03-14,91166682400014,France
400461950,SFR FIBRE SAS,61.30Z,10 RUE ALBERT EINSTEIN 77437 MARNE LA VALLEE CEDEX 2,77437,77420,,2008-01-01,40046195000034,France
451647903,BRICO DEPOT,47.52B,30/32 30 RUE DE LA TOURELLE 91310 LONGPONT-SUR-ORGE,,91310,30/32,2008-01-01,45164790300017,France
432766947,FRANCE TELEVISIONS,60.20A,7 ESP HENRI DE FRANCE 75907 PARIS CEDEX 15,75907,75015,,2008-01-02,43276694700019,France
421100645,LA BANQUE POSTALE,64.19Z,115 RUE DE SEVRES 75275 PARIS CEDEX 06,75275,75006,,2008-06-30,42110064500967,France
817797095,ARPAVIE,87.30A,8 RUE ROUGET DE LISLE 92130 ISSY-LES-MOULINEAUX,,92130,,2016-07-01,81779709501242,France
348991555,ZARA FRANCE,70.10Z,22 RUE BERGERE 75009 PARIS 9,,75009,,2023-06-15,34899155502003,France
403035819,TERRENA PRO,70.10Z,LA NOELLE 44150 ANCENIS-SAINT-GEREON,,44150,,2021-06-16,40303581900016,France
449127885,JEFF DE BRUGES EXPLOITATION,47.24Z,PARC DU BEL AIR 12 AV JOSEPH PAXTON 77164 FERRIERES-EN-BRIE,,77164,PARC DU BEL AIR,2020-07-11,44912788500803,France
588505354,CAISSE FEDERALE DE CREDIT MUTUEL SOCIETE A MISSION (APPLICATION LOI PACTE),64.19Z,4 RUE FREDERIC-GUILL RAIFFEISEN 67906 STRASBOURG CEDEX 9,67906,67000,,2008-01-01,58850535400013,France
558503355,ROUGEGORGE LINGERIE,47.71Z,1 B RUE DU MOLINEL 59290 WASQUEHAL,,59290,,2017-11-27,55850335501468,France
775664873,BOUYGUES ENERGIES & SERVICES,43.21A,IMMEUBLE ATLANTIS 1 AV EUGENE FREYSSINET 78280 GUYANCOURT,,78280,IMMEUBLE ATLANTIS,2019-11-01,77566487304147,France
444600464,MAISON 123,47.71Z,57 ET 57 RUE HENRI BARBUSSE 92110 CLICHY,,92110,57 ET,2008-01-01,44460046400010,France
624500195,Z RETAIL,70.10Z,16 RUE GAILLON 75002 PARIS 2,,75002,,2020-02-01,62450019503509,France
343862652,FRAIKIN FRANCE,77.12Z,9-11 9 RUE DU DEBARCADERE 92700 COLOMBES,,92700,9-11,2015-11-13,34386265202906,France
439975640,FONDATION PARTAGE ET VIE,70.10Z,11 RUE DE LA VANNE CS 20018 92126 MONTROUGE CEDEX,92126,92120,,2013-07-01,43997564001382,France
542020862,LAPEYRE,70.10Z,3 BD DE SEBASTOPOL 75001 PARIS 1,,75001,,2021-06-01,54202086201925,France
775675655,UNION NATIONALE DU SPORT SCOLAIRE,93.12Z,UNION NATIONALE DU SPORT SCOLAIRE 13 RUE SAINT LAZARE 75009 PARIS 9,,75009,UNION NATIONALE DU SPORT SCOLAIRE,2011-11-01,77567565500010,France
392377248,MAXI TOYS FRANCE SA,70.10Z,91 RUE DE GUEBWILLER 68260 KINGERSHEIM,,68260,,2008-01-01,39237724800068,France
884276569,NEW NAF NAF,70.10Z,55 CHE LATERAL 93140 BONDY,,93140,,2020-06-16,88427656900016,France
331089474,TUI FRANCE,79.11Z,28 RUE JACQUES IBERT 92300 LEVALLOIS-PERRET,,92300,,2020-10-01,33108947403160,France
824541148,ACTION LOGEMENT SERVICES,84.12Z,19-21 19 QUAI D AUSTERLITZ CS 41455 75643 PARIS CEDEX 13,75643,75013,19-21,2018-11-01,82454114802432,France
351164488,SPODIS SA,47.72A,D AFFAIRES DU CHT. ROUGE 274 B AV DE LA MARNE 59700 MARCQ-EN-BAROEUL,,59700,D AFFAIRES DU CHT. ROUGE,2023-01-16,35116448802465,France
447895954,FRAIKIN ASSETS,77.11A,9-11-WEST PLAZA 9 RUE DU DEBARCADERE 92700 COLOMBES,,92700,9-11-WEST PLAZA,2003-03-24,44789595402518,France
342090834,NEXITY STUDEA,68.32A,TSA 10034 19 RUE DE VIENNE 75801 PARIS CEDEX 08,75801,75008,TSA 10034,2016-02-12,34209083402237,France
267500452,ASSISTANCE PUBLIQUE HOPITAUX DE PARIS,86.10Z,55 BD DIDEROT 75012 PARIS 12,,75012,,2022-09-12,26750045201928,France
377839667,HERTZ FRANCE,77.11A,BATIMENT A1 IMMEUBLE DIAGONALE SUD 6 AV GUSTAVE EIFFEL 78180 MONTIGNY-LE-BRETONNEUX,,78180,BATIMENT A1 IMMEUBLE DIAGONALE SUD,2019-03-01,37783966701946,France
884692849,MINSK BY CAP SUD,71.12B,63 RUE DU MORELLON 38070 SAINT-QUENTIN-FALLAVIER,,38070,,2023-03-20,88469284900679,France
884903360,TECHNIQUE SOLAIRE INVEST 50,35.11Z,26 RUE ANNET SEGERON 86580 BIARD,,86580,,2020-06-19,88490336000011,France
389756487,LOUIS PION SAS,47.77Z,101-109 101 RUE JEAN JAURES 92300 LEVALLOIS-PERRET,,92300,101-109,2020-03-02,38975648702057,France
451053383,VITALLIANCE,88.10A,5 RUE BLONDEL 92400 COURBEVOIE,,92400,,2019-03-25,45105338300837,France
350791612,FOUCRAY DECO,47.53Z,38 RUE FRANCOIS 1ER 75008 PARIS 8,,75008,,2008-01-01,35079161202521,France
852818111,IRISOLAR 17,35.11Z,BAT F 1200 AV OLIVIER PERROY 13790 ROUSSET,,13790,BAT F,2020-09-08,85281811101728,France
493821821,CELTAT,47.71Z,BAT D 19 RUE CLAUDE CHAPPE 35510 CESSON-SEVIGNE,,35510,BAT D,2023-04-14,49382182101787,France
059801324,ONET,70.10Z,36 BD DE L OCEAN 13009 MARSEILLE 9,,13009,,2009-03-31,05980132403021,France
057802753,COMASUD,46.73A,"LE GRAND BLEU,BAT B,1ER ETAGE 29 BD GAY LUSSAC 13014 MARSEILLE 14",,13014,"LE GRAND BLEU,BAT B,1ER ETAGE",2021-12-15,05780275301903,France
312326275,ORGANISATION VOYAGES PLANCHE,79.11Z,20 AV RENE CASSIN 69009 LYON 9EME,,69009,,2015-10-27,31232627500749,France
572165652,GSM,68.20B,TOUR ALTO 4 PL DES SAISONS 92400 COURBEVOIE,,92400,TOUR ALTO,2022-03-01,57216565202144,France
439793811,EG RETAIL (FRANCE) SAS,47.78B,IMMEUBLE LE CERVIER B 12 AV DES BEGUINES 95806 CERGY PONTOISE CEDEX,95806,95800,IMMEUBLE LE CERVIER B,2010-10-13,43979381100035,France
399258516,DELTA LINGERIE,47.71Z,16 RUE DE PROVIGNY 94230 CACHAN,,94230,,2008-06-30,39925851601305,France
775689078,OFFICE CENTRAL DE COOPERATION A L ECOLE,94.99Z,101 B RUE DU RANELAGH 75016 PARIS 16,,75016,,2015-09-01,77568907800019,France
177501517,PREFECTURE DE POLICE DE PARIS,84.24Z,9 BD DU PALAIS 75195 PARIS CEDEX 04,75195,75004,,2008-01-01,17750151700011,France
702019902,FRANCE LOISIRS,58.11Z,31 RUE DU VAL DE MARNE 75013 PARIS 13,,75013,,2017-09-01,70201990203852,France
318906591,LA BRIOCHE DOREE,70.10Z,52 AV DU CANADA 35200 RENNES,,35200,,2016-07-01,31890659102716,France
957526858,TOUPARGEL,47.11A,13 CHEMIN DES PRES SECS 13 CHE DES PRES 69380 CIVRIEUX D'AZERGUES,,69380,13 CHEMIN DES PRES SECS,2018-01-01,95752685800627,France
326661774,SOCIETE SEIZE,47.78C,BATIMENT 258 SUD 45 AV VICTOR HUGO 93300 AUBERVILLIERS,,93300,BATIMENT 258 SUD,2010-03-01,32666177400918,France
343286183,PREVOIR VIE GROUPE PREVOIR,65.11Z,19 RUE D AUMALE 75009 PARIS 9,,75009,,2008-01-01,34328618300011,France
503027534,UNIVET,75.00Z,427 AV FONT ROUBERT 06250 MOUGINS,,06250,,2018-01-01,50302753400075,France
775666696,SECOURS CATHOLIQUE,88.99B,106 RUE DU BAC 75007 PARIS 7,,75007,,2008-01-01,77566669600015,France
889688180,TECHNIQUE SOLAIRE INVEST 61,35.11Z,26 RUE ANNET SEGERON 86580 BIARD,,86580,,2020-09-16,88968818000013,France
337804819,MAAF VIE,65.11Z,CHABAN CHABAN 79036 NIORT CEDEX 9,79036,79180,CHABAN,2008-01-01,33780481900015,France
775667363,COMPAGNIE DES EAUX ET DE L'OZONE PROCEDES M P OTTO,36.00Z,21 RUE LA BOETIE 75008 PARIS 8,,75008,,2016-11-15,77566736302470,France
775714991,COOP AGRICOL VENDEE APPROV VENTE CEREALE,46.21Z,12 BD REAUMUR BP 27 85001 LA ROCHE SUR YON CEDEX,85001,85000,,2008-01-01,77571499100277,France
922385950,IRISOLAR 30,35.11Z,BAT F 1200 AV OLIVIER PERROY 13790 ROUSSET,,13790,BAT F,2022-11-25,92238595000014,France
824363436,AFPA ACCES A L' EMPLOI,85.59A,TOUR CITYSCOPE 3 RUE FRANKLIN 93100 MONTREUIL,,93100,TOUR CITYSCOPE,2017-01-01,82436343600018,France
054800958,RICHARDSON,46.74B,2 PL GANTES 13002 MARSEILLE 2,,13002,,2008-01-01,05480095800016,France
844149781,IRISOLAR 18,35.11Z,BAT. F 1200 ALL OLIVIER PERROY 13790 ROUSSET,,13790,BAT. F,2020-09-08,84414978101519,France
830314654,THYGO 5,35.11Z,"TENERGIE ARTEPARC DE FUVEAU, BAT. A PLAN DE FABRIQUE 13710 FUVEAU",,13710,"TENERGIE ARTEPARC DE FUVEAU, BAT. A",2022-06-28,83031465401235,France
434004198,TEREVA,46.74B,ZI NORD 18 AV ARSENE D ARSONVAL BP 23516 01000 BOURG-EN-BRESSE,,01000,ZI NORD,2012-12-27,43400419800017,France
833590706,CHAUSSURES ERAM,47.72A,SAINT-PIERRE-MONTLIMART CEDEX SAINT-PIERRE-MONTLIMART CEDEX 49111 ST PIERRE MONTLIMART CEDEX,49111,49110,SAINT-PIERRE-MONTLIMART CEDEX,2018-05-01,83359070600010,France
451678973,CASTORAMA FRANCE,47.52B,ZONE INDUSTRIELLE 59175 TEMPLEMARS,,59175,,2021-11-05,45167897300012,France
530802438,SARL ROZAL RAILLON,35.11Z,32 CHE DE TOUNY 81150 LAGRAVE,,81150,,2021-06-24,53080243800040,France
880162151,PLACE DU MARCHE,47.11A,13 CHE DES PRES SECS 69380 CIVRIEUX D'AZERGUES,,69380,,2020-01-06,88016215100018,France
662043116,OFFICE NATIONAL DES FORETS,02.40Z,2 B AV DU GENERAL LECLERC CS 30042 94704 MAISONS ALFORT CEDEX,94704,94700,,2022-08-01,66204311604119,France
712044502,RIU AUBLET ET CIE,47.71Z,114 RUE DE TURENNE 75003 PARIS 3,,75003,,2018-12-04,71204450202397,France
478565898,SARL MS MODE FRANCE,47.71Z,53 PL DROUET D ERLON 51100 REIMS,,51100,,2016-12-25,47856589801612,France
481020022,PAREA,47.30Z,200 RUE DE LA RECHERCHE 59650 VILLENEUVE D'ASCQ,,59650,,2021-12-01,48102002201596,France
542110291,ALLIANZ I.A.R.D.,65.12Z,CS 30051 1 CRS MICHELET CS 30051 92076 PARIS LA DEFENSE CEDEX,92076,92800,CS 30051,2015-09-18,54211029104757,France
180060030,METEO-FRANCE,84.13Z,73 AV DE PARIS 94165 ST MANDE CEDEX,94165,94160,,2019-12-25,18006003002117,France
311315329,B&M FRANCE SAS,47.19A,8 RUE DU BOIS JOLI 63800 COURNON D'AUVERGNE,,63800,,2023-03-01,31131532900848,France
120060025,INSPECTION GEN DU TRAVAIL DES TRANSPORTS,84.13Z,TOUR SEQUOIA 1 PL CARPEAUX 92055 PARIS LA DEFENSE CEDEX,92055,92800,TOUR SEQUOIA 1,2008-01-01,12006002500059,France
440322808,DELISAVEURS,56.29B,117-133 117 AV DE LA REPUBLIQUE 92320 CHATILLON,,92320,117-133,2019-06-28,44032280803108,France
775685340,LA MUTUELLE GENERALE,65.12Z,1 RUE BRILLAT SAVARIN 75013 PARIS 13,,75013,,2015-04-01,77568534003557,France
804544674,RITUALS COSMETICS FRANCE SAS,47.75Z,6 RUE SAINT FLORENTIN 75001 PARIS 1,,75001,,2018-10-01,80454467400372,France
382372993,OPTICAL CENTER,47.78A,74 AU 76 74 RUE LAUGIER 75017 PARIS 17,,75017,74 AU 76,2008-01-01,38237299300636,France
300571049,PETIT FORESTIER LOCATION,77.12Z,11 RTE DE TREMBLAY 93420 VILLEPINTE,,93420,,2008-01-01,30057104900018,France
403259138,MANGO FRANCE,47.71Z,43 RUE LA FAYETTE 75009 PARIS 9,,75009,,2014-06-30,40325913801315,France
444330781,ALDI MARCHE,47.11D,ZONE D ACTIVITE DE LA PORT ZA L ILE DE FRANC 78660 ABLIS,,78660,ZONE D ACTIVITE DE LA PORT,2021-03-01,44433078100022,France
404362576,RESIDENCES SERVICES GESTION,55.10Z,96-104 96 AV CHARLES DE GAULLE 92200 NEUILLY-SUR-SEINE,,92200,96-104,2021-12-01,40436257601276,France
903869071,APAVE INFRASTRUCTURES ET CONSTRUCTION FRANCE,71.20B,6 RUE DU GENERAL AUDRAN 92400 COURBEVOIE,,92400,,2022-05-17,90386907100014,France
971204052,HILTI-FRANCE,46.63Z,126 RUE GALLIENI 92100 BOULOGNE-BILLANCOURT,,92100,,2019-09-16,97120405204256,France
775682024,SCOUTS ET GUIDES DE FRANCE,93.29Z,21-37-BAT D 2E ETAGE 21 RUE DE STALINGRAD 94110 ARCUEIL,,94110,21-37-BAT D 2E ETAGE,2019-07-01,77568202401398,France
844431486,NORMAL FRANCE,47.19B,7 BD SAINT MICHEL 75005 PARIS 5,,75005,,2022-09-23,84443148600399,France
775665029,SOC NATIONALE SAUVETAGE EN MER,84.25Z,8 CITE D ANTIN 75009 PARIS 9,,75009,,2018-10-01,77566502900242,France
318148467,BURTON,47.71Z,14-16 14 BD POISSONNIERE 75009 PARIS 9,,75009,14-16,2008-01-01,31814846700075,France
784363483,UNAFAM,88.99B,12 VLA COMPOINT 75017 PARIS 17,,75017,,2008-01-01,78436348300040,France
812674836,SUNGLASS HUT FRANCE,47.78A,1-6 1 RUE PAUL CEZANNE 75008 PARIS 8,,75008,1-6,2022-10-18,81267483600794,France
339403933,DARTY GRAND OUEST,47.54Z,PARC TERTIAIRE ERAUDIERE 32 RUE DE COULONGE BP 31525 44300 NANTES,,44300,PARC TERTIAIRE ERAUDIERE,2016-09-15,33940393300049,France
838431013,TOOANDRE,70.10Z,16 RUE HENRI BARBUSSE 38100 GRENOBLE,,38100,,2019-07-01,83843101300013,France
856802400,TOTALENERGIES PROXI NORD OUEST,46.71Z,11 RTE DE POMPIERRE CS 48612 44186 NANTES CEDEX 4,44186,44100,,2021-11-01,85680240000098,France
529221079,AKZO NOBEL DISTRIBUTION,46.73B,2 AV DE L INDUSTRIE 69960 CORBAS,,69960,,2012-04-05,52922107901326,France
332416114,LES DONNEURS DE VOIX,94.99Z,40 RUE D AUBIGNY 69003 LYON 3EME,,69003,,2021-06-29,33241611402182,France
519780795,SOCULTUR,47.62Z,HELIOPOLIS 17 RUE ARCHIMEDE 33700 MERIGNAC,,33700,HELIOPOLIS,2018-10-01,51978079501016,France
480080969,COLISEE FRANCE,87.10A,7-9 7 ALL HAUSSMANN CS 50037 33070 BORDEAUX CEDEX,33070,33300,7-9,2018-09-07,48008096900037,France
303376586,DARTY GRAND EST,47.54Z,LIEU-DIT L'EPOUX 135 RTE NATIONALE 6 69760 LIMONEST,,69760,LIEU-DIT L'EPOUX,2013-12-25,30337658600085,France
493318380,ALDI MARCHE CAVAILLON,70.10Z,ALLEES DES CABEDANS ALL DES CABEDANS 84300 CAVAILLON,,84300,ALLEES DES CABEDANS,2021-04-01,49331838000026,France
324501006,PHARMA DOM,77.29Z,10 AV ARISTIDE BRIAND 92220 BAGNEUX,,92220,,2022-01-21,32450100601672,France
445331192,LA MONDIALE GROUPE,66.22Z,MONS EN BAROEUL 32 AV EMILE ZOLA 59370 MONS-EN-BAROEUL,,59370,MONS EN BAROEUL,2008-01-01,44533119200010,France
329596985,COMITE CENTRAL DU GROUPE PUBLIC FERROVIAIRE,94.20Z,7 RUE DE CHATEAU LANDON 75010 PARIS 10,,75010,,2008-01-01,32959698500013,France
843625328,IRISOLAR 15,35.11Z,BAT F 1200 AV OLIVIER PERROY 13790 ROUSSET,,13790,BAT F,2020-09-08,84362532801555,France
789139789,COLRUYT RETAIL FRANCE,46.90Z,ZONE INDUSTRIELLE 39700 ROCHEFORT-SUR-NENON,,39700,ZONE INDUSTRIELLE,2018-05-16,78913978900018,France
832737860,THERMIQUE SOLUTIONS INDUSTRIE SNC,35.30Z,1 CRS ANTOINE GUICHARD 42000 SAINT-ETIENNE,,42000,,2017-10-17,83273786000011,France
848459285,CORNER CUISINE DISTRIBUTION,56.21Z,52 AV DE LA LIBERATION 33700 MERIGNAC,,33700,,2020-06-01,84845928500229,France
180043010,RESEAU CANOPE,85.60Z,TELEPORT 1 AV DU FUTUROSCOPE CS 80158 86961 FUTUROSCOPE CEDEX,86961,86360,TELEPORT 1,2017-09-08,18004301001485,France
453456014,CRECHES DE FRANCE,70.10Z,IMMEUBLE STORIES 7 RUE TOUZET GAILLARD 93400 SAINT-OUEN-SUR-SEINE,,93400,IMMEUBLE STORIES,2022-11-01,45345601401249,France
722057460,AXA FRANCE IARD,65.12Z,313 TERRASSES DE L ARCHE 92727 NANTERRE CEDEX,92727,92000,,2008-01-01,72205746001971,France
382456051,CACHE CACHE,46.42Z,ZAC DE LA MOINERIE 10 IMP DU GRAND JARDIN 35400 SAINT-MALO,,35400,ZAC DE LA MOINERIE,2008-01-01,38245605100095,France
343403531,COLLECTES VALORISATION ENERGIE DECHETS - COVED,38.11Z,7 RUE DU DOCTEUR LANCEREAUX 75008 PARIS 8,,75008,,2019-07-01,34340353103351,France
180007015,OFFICE NATIONAL DES COMBATTANTS ET DES VICTIMES DE GUERRE,84.11Z,HOTEL NATIONAL DES INVALIDES 129 RUE DE GRENELLE 75700 PARIS SP 07,75700,75007,HOTEL NATIONAL DES INVALIDES,2008-01-01,18000701500019,France
306844622,JARDILAND,47.76Z,83 AV DE LA GRANDE ARMEE 75116 PARIS 16,,75116,,2020-10-30,30684462201091,France
490072337,C & M GESTION,68.20B,55 AV JEAN KUNTZMANN 38330 MONTBONNOT-SAINT-MARTIN,,38330,,2019-11-01,49007233700929,France
305635039,BASTIDE LE CONFORT MEDICAL,47.74Z,CTRE D'ACTIVITE EURO 2000 12 AV DE LA DAME 30132 CAISSARGUES,,30132,CTRE D'ACTIVITE EURO 2000,2008-01-01,30563503900194,France
784275778,CASDEN BANQUE POPULAIRE,64.19Z,1 B RUE JEAN WIENER 77420 CHAMPS-SUR-MARNE,,77420,,2018-03-12,78427577802426,France
841435753,IRISOLAR 13,35.11Z,1200 AV OLIVIER PERROY BAT F 13790 ROUSSET,,13790,,2020-09-02,84143575301806,France
338657141,ADA,77.11A,22 RUE HENRI BARBUSSE 92110 CLICHY,,92110,,2013-07-01,33865714100085,France
775684764,SOC MUTUELLE D'ASSURANCE DU BTP,65.12Z,8 RUE LOUIS ARMAND CS 71201 75738 PARIS CEDEX 15,75738,75015,,2017-09-01,77568476402155,France
120046149,DIRECTION GENERALE DES PATRIMOINES ET DE L'ARCHITECTURE,84.11Z,182 RUE SAINT HONORE 75033 PARIS CEDEX 01,75033,75001,,2014-04-02,12004614901203,France
388026957,CHARTEWAY FRANCE SASU,77.12Z,7 AV NIEPCE 78180 MONTIGNY-LE-BRETONNEUX,,78180,,2014-05-26,38802695701362,France
823187851,HABITAT PV 9,35.11Z,"C/O TENERGIE, ARTEPARC DE FUVEAU, BAT PLAN DE FABRIQUE 13710 FUVEAU",,13710,"C/O TENERGIE, ARTEPARC DE FUVEAU, BAT",2022-06-28,82318785101574,France
055200984,LARIVIERE,46.73A,BP 40446 36 B RUE DELAAGE BP 446 49004 ANGERS CEDEX 01,49004,49100,BP 40446,2008-01-01,05520098400270,France
775609621,VYV3 PAYS DE LA LOIRE - POLE ACCOMPAGNEMENT ET SOINS,65.12Z,67 RUE DES PONTS DE CE 49028 ANGERS CEDEX 01,49028,49000,,2008-01-01,77560962100070,France
786920306,CORA,47.11F,DOMAINE DE BEAUBOURG 1 RUE DU CHENIL CS 30175 77435 MARNE LA VALLEE CEDEX 2,77435,77183,DOMAINE DE BEAUBOURG,2016-04-01,78692030600093,France
775741440,STRICHER,77.12Z,283 A 287 283 RUE DE ROSNY 93100 MONTREUIL,,93100,283 A 287,2008-02-21,77574144000140,France
340234962,ALLIANZ VIE,65.11Z,1 CRS MICHELET CS 30051 92076 PARIS LA DEFENSE CEDEX,92076,92800,,2015-09-18,34023496207046,France
775678584,MUTUELLE NATIONALE TERRITORIALE MNT,65.12Z,4 RUE D ATHENES 75009 PARIS 9,,75009,,2016-11-14,77567858403070,France
309979631,LES COMPAGNONS,78.20Z,6 RUE TOULOUSE LAUTREC 75017 PARIS 17,,75017,,2017-05-15,30997963102885,France
879036895,OPERATEUR DE COMPETENCES DES ENTREPRISES DE PROXIMITE,94.99Z,53 RUE AMPERE 75017 PARIS 17,,75017,,2021-09-01,87903689500016,France
379548001,AUCHAN CARBURANT,47.30Z,200 RUE DE LA RECHERCHE 59650 VILLENEUVE D'ASCQ,,59650,,2021-12-01,37954800101078,France
554500199,TOTALENERGIES PROXI SUD EST,46.71Z,42 CRS SUCHET 69002 LYON 2EME,,69002,,2021-11-01,55450019904391,France
397767831,SOGETREL,42.22Z,143 AV DE VERDUN 92130 ISSY-LES-MOULINEAUX,,92130,,2012-03-26,39776783100811,France
512412628,L'OR EN CASH,70.10Z,12-14 12 RPT DES CHAMPS ELYSEES-MARCEL DASSAU 75008 PARIS 8,,75008,12-14,2018-09-03,51241262800954,France
490176120,APPART'CITY,55.20Z,125 RUE GILLES MARTINET 34070 MONTPELLIER,,34070,,2014-10-14,49017612000049,France
180014045,CENTRE NATIONAL DE LA FONCTION PUBLIQUE TERRITORIALE,85.59A,80 RUE DE REUILLY CS 41232 75578 PARIS CEDEX 12,75578,75012,,2011-06-27,18001404502245,France
823091707,LIPPI,43.39Z,2 RUE DES COLONELS RENARD 75017 PARIS 17,,75017,,2018-10-31,82309170700013,France
320955396,RUBIX FRANCE,46.69B,61 AV TONY GARNIER 69007 LYON 7EME,,69007,,2023-01-01,32095539602633,France
379601974,CARREFOUR VOYAGES,79.11Z,ZAE SAINT GUENAULT 1 RUE JEAN MERMOZ BP 70224 91002 EVRY CEDEX,91002,91000,ZAE SAINT GUENAULT,2008-01-01,37960197400833,France
399315613,METRO FRANCE,46.39B,ZA DU PETIT NANTERRE 5 RUE DES GRANDS PRES 92024 NANTERRE CEDEX,92024,92000,ZA DU PETIT NANTERRE,2008-01-01,39931561300014,France
345006027,VERISURE,80.20Z,1 PL DU GEN DE GAULLE 92160 ANTONY,,92160,,2020-02-13,34500602701582,France
410146468,PAULINE,46.42Z,ZAC DE LA MOINERIE 10 IMP DU GRAND JARDIN 35400 SAINT-MALO,,35400,ZAC DE LA MOINERIE,2014-09-30,41014646800021,France
418505343,MONDIAL PARE-BRISE,45.20A,3 RUE JOSEPH MONIER 92500 RUEIL-MALMAISON,,92500,,2018-12-31,41850534301071,France
311799456,SCHENKER FRANCE,52.29A,ZONE ARTISANALE NORD ET GARE 35 RUE PAUL HENRI GOULET 85600 MONTAIGU-VENDEE,,85600,ZONE ARTISANALE NORD ET GARE,2008-01-01,31179945600018,France
334873726,PROXISERVE,43.22B,155-159 155 RUE ANATOLE FRANCE 92300 LEVALLOIS-PERRET,,92300,155-159,2016-11-28,33487372602318,France
702021114,DERICHEBOURG PROPRETE,81.21Z,ZAC DE LA HAIE GRISELLE 6 ALL DES COQUELICOTS 94470 BOISSY-SAINT-LEGER,,94470,ZAC DE LA HAIE GRISELLE,2015-02-16,70202111400112,France
403092968,AU FORUM DU BATIMENT,46.74A,61-63 61 RUE DESNOUETTES 75015 PARIS 15,,75015,61-63,2016-05-13,40309296800029,France
379243165,SM AMIENS,47.71Z,49-51 49 RUE EMILE ZOLA 93100 MONTREUIL,,93100,49-51,2015-09-22,37924316500329,France
851965806,SOLAR PORTFOLIO 11,35.11Z,4 RUE DE LONGCHAMP 75116 PARIS 16,,75116,,2020-04-01,85196580600017,France
849439567,SMART SOLAR-5,35.11Z,20 RUE QUENTIN BAUCHART 75008 PARIS 8,,75008,,2019-03-21,84943956700017,France
171304314,DIRECTION DES SERVICES DEPARTEMENTAUX DE L'EDUCATION NATIONALE DES BOUCHES-DU-RHONE,84.12Z,28 BD CHARLES NEDELEC 13231 MARSEILLE CEDEX 01,13231,13003,,2012-02-01,17130431400015,France
883536955,THYGO,35.11Z,C/O TENERGIE ARTEPARC DE FUVEAU BAT A PLAN DE FABRIQUE 13710 FUVEAU,,13710,C/O TENERGIE ARTEPARC DE FUVEAU BAT A,2022-06-28,88353695501039,France
775618945,4MURS,70.10Z,74 RUE COSTES ET BELLONTE BP 80060 57152 MARLY CEDEX,57152,57155,,2008-01-01,77561894501500,France
842864613,QUICK GESTION,68.20B,45 AV VICTOR HUGO 93300 AUBERVILLIERS,,93300,,2023-05-01,84286461300901,France
775719792,LA PREVENTION ROUTIERE,94.99Z,33 RUE DE MOGADOR 75009 PARIS 9,,75009,,2019-01-25,77571979202650,France
970504494,SOC FIDUCIAIRE NAT JURIDIQUE FISCALE,69.10Z,41 RUE DU CAPITAINE GUYNEMER 92400 COURBEVOIE,,92400,,2008-01-01,97050449401651,France
410173298,BOIS & MATERIAUX,46.73A,CENTRE COMMERCIAL HEXAGONE 60 RUE DE FENOUILLET 31140 SAINT-ALBAN,,31140,CENTRE COMMERCIAL HEXAGONE,2023-02-22,41017329801554,France
452440381,SOCIETE D'EXPLOITATION DES RESIDENCES HOTELIERES RAIL,55.10Z,49 RUE REAUMUR 75003 PARIS 3,,75003,,2011-02-18,45244038100989,France
433744539,ELECTRO DEPOT FRANCE,47.54Z,FACADE SUD EST 1 RTE DE VENDEVILLE 59155 FACHES-THUMESNIL,,59155,FACADE SUD EST,2016-03-14,43374453900423,France
442891628,LILNAT,47.71Z,13-15 13 AV DE LA METALLURGIE 93210 SAINT-DENIS,,93210,13-15,2012-07-04,44289162800277,France
309706992,GINGER,14.13Z,BAT C 52 RUE DU FBG POISSONNIERE 75010 PARIS 10,,75010,BAT C,2018-11-01,30970699200281,France
448373209,SITES SERVICES,68.20B,IMMEUBLE LE DERBY 570 AV DU CLUB HIPPIQUE 13090 AIX-EN-PROVENCE,,13090,IMMEUBLE LE DERBY,2015-11-10,44837320901807,France
398330357,CL DISTRIBUTION,47.71Z,17 RUE MARGUERITE YOURCENAR 21000 DIJON,,21000,,2007-11-19,39833035700862,France
333202083,DAMART,47.91B,25 AV DE LA FOSSE AUX CHENES BP 169 59053 ROUBAIX CEDEX 1,59053,59100,,2008-01-01,33320208300015,France
428435267,ASS  F.A.D.S.E.P.L.,94.99Z,7 RUE PORTALIS 75008 PARIS 8,,75008,,2008-01-01,42843526700011,France
775692072,GROUPEMENT CAMPEURS UNIVERSITAIRES,94.99Z,72 BD DE COURCELLES 75017 PARIS 17,,75017,,2008-01-01,77569207200447,France
352098131,MUTUALITE FRANCAISE PACA SSAM,65.12Z,LOT LANGESSE 1581 AV PAUL JULLIEN 13100 LE THOLONET,,13100,LOT LANGESSE,2020-07-01,35209813101041,France
301160750,CLINEA,70.10Z,12 RUE JEAN JAURES 92800 PUTEAUX,,92800,,2015-10-26,30116075000966,France
449531391,SUSHI SHOP RESTAURATION,56.10C,13 CRS VALMY 92977 PARIS LA DEFENSE CEDEX,92977,92800,,2020-07-31,44953139100901,France
310499959,AXA FRANCE VIE,65.11Z,313 TERRASSES DE L ARCHE 92727 NANTERRE CEDEX,92727,92000,,2011-11-01,31049995900891,France
775682917,AG2R AGIRC-ARRCO,84.30B,14 A 16 14 BD MALESHERBES 75008 PARIS 8,,75008,14 A 16,2019-12-01,77568291701526,France
180070047,CHAMBRES D'AGRICULTURE FRANCE,94.11Z,9 AV GEORGE V 75008 PARIS 8,,75008,,2008-01-01,18007004700014,France
775544562,ORSAC,86.10Z,CENTRE MEDICAL RUE DE LA FONTAINE D'ORCET BP 5 01110 PLATEAU D'HAUTEVILLE,,01110,CENTRE MEDICAL,2012-01-01,77554456200017,France
388709297,ETS MICHEL VINCENT,35.11Z,64 PL MAURICE GELINEAU 44150 ANCENIS-SAINT-GEREON,,44150,,2014-04-15,38870929700039,France
422036905,POLTRONESOFA 'FRANCE,47.59A,12-16 12 RUE SARAH BERNHARDT 92600 ASNIERES-SUR-SEINE,,92600,12-16,2022-09-29,42203690501127,France
775682040,UCPA SPORT VACANCES,93.19Z,21 RUE DE STALINGRAD 94110 ARCUEIL,,94110,,2019-05-17,77568204001964,France
475483319,EPHIGEA,47.71Z,LE HUB BAT A ZONE DE LA PILATERIE 1 RUE DE LA COUTURE 59700 MARCQ-EN-BAROEUL,,59700,LE HUB BAT A ZONE DE LA PILATERIE,2019-09-16,47548331903685,France
812935138,SOLARION 11,35.11Z,161 RUE DU FAUBOURG SAINT HONORE 75008 PARIS 8,,75008,,2021-05-28,81293513800188,France
801947052,GIE AG2R,82.99Z,14/16 14 BD MALESHERBES 75008 PARIS 8,,75008,14/16,2019-12-01,80194705202244,France
801406919,ETABLISSEMENT BRUNEL PERE ET FIL,43.32B,16 RUE BRUNEL 75017 PARIS 17,,75017,,2014-12-02,80140691900010,France
830314977,TENAO 31,35.11Z,"ARTEPARC DE FUVEAU, BAT A PLAN DE FABRIQUE 13710 FUVEAU",,13710,"ARTEPARC DE FUVEAU, BAT A",2022-06-28,83031497701016,France
790850317,THYGO 6,35.11Z,"TENERGIE ARTEPARC DE FUVEAU, BAT. A PLAN DE FABRIQUE 13710 FUVEAU",,13710,"TENERGIE ARTEPARC DE FUVEAU, BAT. A",2022-06-28,79085031700880,France
487481855,FAMILYVETS,75.00Z,15 RUE LA BOETIE 75008 PARIS 8,,75008,,2008-01-01,48748185500012,France
069200210,TGS FRANCE EXPERTISE COMPTABLE PAIE RH,69.20Z,PARC ACTIVITE ANGERS BEAUCOUZE 1 RUE DU TERTRE 49070 BEAUCOUZE,,49070,PARC ACTIVITE ANGERS BEAUCOUZE,2019-09-12,06920021001634,France
695680108,POINT P S.A.S.,46.73A,TOUR SAINT-GOBAIN 12 PL DE L IRIS 92400 COURBEVOIE,,92400,TOUR SAINT-GOBAIN,2021-08-01,69568010802753,France
344843859,CARRIERES & MATERIAUX SUD-EST - CMSE,08.12Z,2EME ETAGE 855 RUE RENE DESCARTES 13100 AIX-EN-PROVENCE,,13100,2EME ETAGE,2021-04-01,34484385900911,France
945550549,EQIOM BETONS,69.20Z,COLISEE GARDENS 10 AV DE L ARCHE 92400 COURBEVOIE,,92400,COLISEE GARDENS,2020-07-10,94555054901723,France
509580346,COGESTAR 3,35.11Z,DE TASSIGNY 37 AV MAL DE LATTRE DE TASSIGNY 59350 SAINT-ANDRE-LEZ-LILLE,,59350,DE TASSIGNY,2015-04-30,50958034600013,France
445330103,CAFE SIRENE FRANCE,82.11Z,83-85 83 RUE SAINT CHARLES 75015 PARIS 15,,75015,83-85,2022-11-07,44533010301073,France
850897158,IRISOLAR 16,35.11Z,BAT F 1200 AV OLIVIER PERROY 13790 ROUSSET,,13790,BAT F,2020-09-08,85089715801297,France
842934440,IRISOLAR 14,35.11Z,BAT F 1200 AV OLIVIER PERROY 13790 ROUSSET,,13790,BAT F,2020-09-02,84293444001069,France
562038216,SOCIETE D'EXPLOITATION RAPP,47.59A,90 RUE DE GUEBWILLER 68260 KINGERSHEIM,,68260,,2008-01-01,56203821600072,France
312379266,ECOLE DE CONDUITE FRANCAISE COOPERATIVE D'EDUCATION ROUTIERE CENTRE ATLANTIQUE- E.C.F. CERCA,85.53Z,CHAVAGNE RTE DE LA MOTHE 79260 LA CRECHE,,79260,CHAVAGNE,2008-01-01,31237926601221,France
834157513,SOCOTEC CONSTRUCTION,71.20B,5 PL DES FRERES MONTGOLFIER 78280 GUYANCOURT,,78280,,2019-01-14,83415751300922,France
310998414,LE JOURNAL PAROISSIAL,58.14Z,14 RUE DES 3 MAISONS 87000 LIMOGES,,87000,,2020-12-23,31099841401123,France
343059564,SOCIETE FRANCAISE DU RADIOTELEPHONE - S.F.R,61.20Z,16 RUE DU GAL ALAIN DE BOISSIEU 75015 PARIS 15,,75015,,2018-09-25,34305956400959,France
387921281,EFFIA CONCESSIONS,52.21Z,20 RUE HECTOR MALOT 75012 PARIS 12,,75012,,2021-03-01,38792128101464,France
403092620,ALDI MARCHE CESTAS,47.11D,ZAC DU POT AU PIN 13 CRUQUE PIGNON 33610 CESTAS,,33610,ZAC DU POT AU PIN,2009-04-30,40309262001321,France
390398055,BMCE,46.73A,41 QUAI DU ROI BP 25 45015 ORLEANS CEDEX 1,45015,45000,,2008-01-01,39039805500157,France
408660595,DOMUSVI DOMICILE,88.10A,46-48 46 RUE CARNOT 92150 SURESNES,,92150,46-48,2022-04-11,40866059501078,France
557150067,FITECO,69.20Z,PARC TECHNOPOLE RUE ALBERT EINSTEIN CS 83006 53063 LAVAL CEDEX 9,53063,53810,PARC TECHNOPOLE,2009-10-31,55715006700972,France
722024742,TK ELEVATOR FRANCE,43.29B,20 RUE FRANCOIS CEVERT 49000 ANGERS,,49000,,2023-06-26,72202474202772,France
840600001,ASSOCIATION DE MOYENS RETRAITE COMPLEMENTAIRE,84.30B,21 RUE LAFFITTE 75009 PARIS 9,,75009,,2018-05-28,84060000100019,France
441875473,JACADI,47.71Z,32 RUE GUERSANT 75017 PARIS 17,,75017,,2020-11-24,44187547301674,France
388868499,BIMAG,47.29Z,ZA PLEIN OUEST 56170 QUIBERON,,56170,,2013-06-03,38886849900798,France
775634132,VVF,55.20Z,8 RUE CLAUDE DANZIGER 63100 CLERMONT-FERRAND,,63100,,2014-10-01,77563413201331,France
443061304,MAGELLAN,46.19A,LA MOINERIE 10 IMP DU GRAND JARDIN 35400 SAINT-MALO,,35400,LA MOINERIE,2008-01-01,44306130400012,France
722023728,GROUPE MORGAN SERVICES,78.20Z,31 RUE MARBEUF 75008 PARIS 8,,75008,,2016-12-27,72202372800131,France
775629272,FONDATION ANAIS,70.10Z,METROPOLE 19 BAT A 1ER ETAGE  PTE DROI 134 RUE D AUBERVILLIERS 75019 PARIS 19,,75019,METROPOLE 19 BAT A 1ER ETAGE  PTE DROI,2019-10-21,77562927201332,France
130013030,DIRECTION REGIONALE FINANCES PUBLIQUES PROVENCE ALPES COTE D'AZUR ET DEPARTEMENT BOUCHES DU RHONE,84.11Z,16 RUE BORDE 13357 MARSEILLE CEDEX 20,13357,13008,,2014-02-17,13001303000015,France
305291346,SOCIETE NOUVELLE LA MAILLE SOUPLE,70.10Z,15 RUE DU LT PIERRE MURARD 10000 TROYES,,10000,,2008-01-01,30529134600123,France
809100605,CAP SOLAR 38,35.11Z,LE TRIADE II 215 RUE SAMUEL MORSE 34000 MONTPELLIER,,34000,LE TRIADE II,2020-01-01,80910060501254,France
380794511,CENTRAKOR STORES,47.59B,ZAC SAINT MARTIN DU TOUCH 6 AV SAINT GRANIER 31300 TOULOUSE,,31300,ZAC SAINT MARTIN DU TOUCH,2019-03-19,38079451100523,France
775605405,ADAPEI LES PAPILLONS BLANCS,87.20A,ET 13 11 RUE JOSEPH CAILLE BP 30824 44000 NANTES,,44000,ET 13,2008-01-01,77560540500593,France
323057083,SODICOOC,70.10Z,350 RUE DES CLAUWIERS 59113 SECLIN,,59113,,2015-07-01,32305708301200,France
801252719,OVE,87.10B,19 RUE MARIUS GROSSO 69120 VAULX-EN-VELIN,,69120,,2014-01-01,80125271900019,France
775726417,KPMG,69.20Z,TOUR EQHO 2 AV GAMBETTA 92066 PARIS LA DEFENSE CEDEX,92066,92400,TOUR EQHO,2015-08-22,77572641707266,France
500539507,THE KOOPLES DIFFUSION,47.71Z,11 RUE DE PRONY 75017 PARIS 17,,75017,,2015-01-01,50053950701043,France
513073080,REDEN INVESTISSEMENTS,35.11Z,ZAC DES CHAMPS DE LESCAZE 47310 ROQUEFORT,,47310,ZAC,2018-09-23,51307308001640,France
775685506,GROUPE SOS JEUNESSE,88.99B,102 C RUE AMELOT C 75011 PARIS 11,,75011,,2008-07-01,77568550600583,France
814116794,GD DISTRIBUTION,47.71Z,130 RUE REAUMUR 75002 PARIS 2,,75002,,2021-09-06,81411679400052,France
530422427,JIMMY FAIRLY,70.10Z,23 RUE DU MAIL 75002 PARIS 2,,75002,,2018-01-25,53042242700241,France
184401321,CENTRE REGIONAL OEUVRES UNIV SCOLAIRES,88.99B,2 BD GUY MOLLET BP 52213 44322 NANTES CEDEX 3,44322,44300,,2008-01-01,18440132100015,France
418108171,ERGALIS FRANCE,78.20Z,WOODPARK BAT E 276 AV DE LA MARNE 59700 MARCQ-EN-BAROEUL,,59700,WOODPARK BAT E,2017-07-03,41810817100731,France
819689613,DREAM ENERGY,35.11Z,52 AV GEORGES CLEMENCEAU 78110 LE VESINET,,78110,,2018-07-16,81968961300019,France
521694133,LABEL HABITAT,47.91B,10 RUE LEO LAGRANGE 27950 SAINT-MARCEL,,27950,,2019-02-08,52169413300013,France
775691991,SOCIETE PROTECTRICE DES ANIMAUX,94.99Z,39 BD BERTHIER 75847 PARIS CEDEX 17,75847,75017,,2020-12-31,77569199100019,France
888360419,NEW MTF,70.10Z,ZI LES BLANCHISSERIES 38500 VOIRON,,38500,,2020-08-26,88836041900012,France
315871640,IDEX ENERGIES,35.30Z,72 AV J B CLEMENT 92100 BOULOGNE-BILLANCOURT,,92100,,2008-01-01,31587164000662,France
211300017,COMMUNE D AIX EN PROVENCE,84.11Z,PL DE L HOTEL DE VILLE 13616 AIX EN PROVENCE CEDEX 1,13616,13100,,2008-01-01,21130001700012,France
440948578,CARTER-CASH,45.32Z,18 RUE JACQUES PREVERT 59650 VILLENEUVE D'ASCQ,,59650,,2008-01-01,44094857800065,France
440055861,SPIE BUILDING SOLUTIONS,43.21A,BP 19 4 AV JEAN JAURES TSA70017 69551 FEYZIN CEDEX,69551,69320,BP 19,2008-01-01,44005586100312,France
378702674,NATURE ET DECOUVERTES SA,47.19B,11 RUE DES ETANGS GOBERT 78000 VERSAILLES,,78000,,2019-05-13,37870267401001,France
552044992,POMONA,46.31Z,3 AV DU DOCTEUR TENINE 92160 ANTONY,,92160,,2013-02-11,55204499202622,France
378888234,Q-PARK FRANCE,52.21Z,1 RUE JACQUES HENRI LARTIGUE 92130 ISSY-LES-MOULINEAUX,,92130,,2017-04-01,37888823401562,France
952908465,RECREACLUB,47.65Z,CENTRE COMMERCIAL DE GROS 26 RUE ROGER TOUTON 33300 BORDEAUX,,33300,CENTRE COMMERCIAL DE GROS,2023-06-23,95290846500018,France
120064027,DIRECTION DES SERVICES DE LA NAVIGATION AERIENNE,84.13Z,50 RUE HENRY FARMAN 75720 PARIS CEDEX 15,75720,75015,,2008-01-01,12006402700077,France
784547507,FRANCE TERRE D ASILE,87.90B,24 RUE MARC SEGUIN 75018 PARIS 18,,75018,,2008-01-01,78454750700433,France
399506641,ATALIAN PROPRETE,81.21Z,56 RUE AMPERE 75017 PARIS 17,,75017,,2021-11-09,39950664100501,France
525031522,FIDAL,69.10Z,4 A 6 4 AV D ALSACE 92400 COURBEVOIE,,92400,4 A 6,2014-04-01,52503152201109,France
531162709,PANDORA FRANCE,46.49Z,TOUR ALTO 4 PL DES SAISONS 92400 COURBEVOIE,,92400,TOUR ALTO,2022-07-01,53116270901119,France
542107800,OTIS,43.29B,23-27-TOUR DEFENSE PLAZZA 23 RUE DELARIVIERE LEFOULLON 92800 PUTEAUX,,92800,23-27-TOUR DEFENSE PLAZZA,2018-12-01,54210780003943,France
775691132,LA FRANCE MUTUALISTE,65.12Z,11-13-TOUR PACIFIC 11 CRS VALMY 92800 PUTEAUX,,92800,11-13-TOUR PACIFIC,2018-04-01,77569113201216,France
822787404,SERENEST ENTREPRISE,56.29A,12 RUE SARAH BERNHARDT 92600 ASNIERES-SUR-SEINE,,92600,,2021-06-23,82278740400059,France
419853460,GNVERT,35.23Z,LE COPERNIC II IMMEUBLE NEPTUNE 1 RUE GALILEE 93160 NOISY-LE-GRAND,,93160,LE COPERNIC II IMMEUBLE NEPTUNE,2017-04-24,41985346000584,France
479474306,TINGARI,70.22Z,18 RUE DE LA PEPINIERE 75008 PARIS 8,,75008,,2004-12-14,47947430600020,France
345130512,GENEDIS,68.20B,ZI RTE DE PARIS 14120 MONDEVILLE,,14120,ZI,2017-09-01,34513051200014,France
419487939,GROUPE MONDIAL TISSUS GMT,47.51Z,ENTREE PRINCIPALE 840 RTE DU MAS RILLIER 69140 RILLIEUX-LA-PAPE,,69140,ENTREE PRINCIPALE,2015-02-18,41948793900904,France
489139436,BCA EXPERTISE SAS,66.21Z,14 RUE SARAH BERNHARDT CS 60005 92665 ASNIERES SUR SEINE CEDEX,92665,92600,,2013-07-05,48913943601383,France
348415506,SERVICES ET SANTE,56.10C,9-11 9 ALL DE L ARCHE 92032 PARIS LA DEFENSE CEDEX,92032,92400,9-11,2016-09-01,34841550601311,France
